C:\Users\Sebastian Vendt\Git\NNFeedbackOperations\digitclutter\digitclutter\4digits\image_000,occlusion,4,512,512,7,-0.2538783725383831,0.12779882646863977,1,1,arial-bold,384,0,0,0,1.0,255,255,255,1.0,20,2,-0.06264480061495625,0.13111131735594966,1,1,arial-bold,384,0,0,0,1.0,255,255,255,1.0,20,1,0.2421142114471077,0.04752334824581915,1,1,arial-bold,384,0,0,0,1.0,255,255,255,1.0,20,9,0.18215576276003337,0.013905124647117531,1,1,arial-bold,384,0,0,0,1.0,255,255,255,1.0,20
C:\Users\Sebastian Vendt\Git\NNFeedbackOperations\digitclutter\digitclutter\4digits\image_001,occlusion,4,512,512,2,-0.01996005996602912,0.18724898927970812,1,1,arial-bold,384,0,0,0,1.0,255,255,255,1.0,20,4,0.010453094676904029,-0.03797246604060815,1,1,arial-bold,384,0,0,0,1.0,255,255,255,1.0,20,7,-0.1727398791980764,-0.0947497623556353,1,1,arial-bold,384,0,0,0,1.0,255,255,255,1.0,20,3,0.28868214608904846,0.21878555757393037,1,1,arial-bold,384,0,0,0,1.0,255,255,255,1.0,20
C:\Users\Sebastian Vendt\Git\NNFeedbackOperations\digitclutter\digitclutter\4digits\image_002,occlusion,4,512,512,4,0.1620927534825904,0.2655549635444532,1,1,arial-bold,384,0,0,0,1.0,255,255,255,1.0,20,1,0.1360856407859682,0.2057035220852126,1,1,arial-bold,384,0,0,0,1.0,255,255,255,1.0,20,5,0.2894876146880592,0.03530560295531017,1,1,arial-bold,384,0,0,0,1.0,255,255,255,1.0,20,2,-0.07771365016430304,0.22868422576487873,1,1,arial-bold,384,0,0,0,1.0,255,255,255,1.0,20
C:\Users\Sebastian Vendt\Git\NNFeedbackOperations\digitclutter\digitclutter\4digits\image_003,occlusion,4,512,512,0,0.2552155293656106,-0.04552389470858825,1,1,arial-bold,384,0,0,0,1.0,255,255,255,1.0,20,6,0.17857697095791575,0.09717864966588295,1,1,arial-bold,384,0,0,0,1.0,255,255,255,1.0,20,9,-0.12100025610908524,0.2427323647990422,1,1,arial-bold,384,0,0,0,1.0,255,255,255,1.0,20,5,-0.23682395480644333,-0.09071454554784182,1,1,arial-bold,384,0,0,0,1.0,255,255,255,1.0,20
C:\Users\Sebastian Vendt\Git\NNFeedbackOperations\digitclutter\digitclutter\4digits\image_004,occlusion,4,512,512,1,-0.09734411057331155,-0.08267437747059565,1,1,arial-bold,384,0,0,0,1.0,255,255,255,1.0,20,5,0.12930765463437482,0.18125803369835197,1,1,arial-bold,384,0,0,0,1.0,255,255,255,1.0,20,7,0.19032578003912393,0.1358057851957558,1,1,arial-bold,384,0,0,0,1.0,255,255,255,1.0,20,8,-0.10447506443485183,0.04843737380353412,1,1,arial-bold,384,0,0,0,1.0,255,255,255,1.0,20
C:\Users\Sebastian Vendt\Git\NNFeedbackOperations\digitclutter\digitclutter\4digits\image_005,occlusion,4,512,512,3,0.1927809386092782,0.03514642073678444,1,1,arial-bold,384,0,0,0,1.0,255,255,255,1.0,20,8,-0.24714690540314646,0.2283450726230838,1,1,arial-bold,384,0,0,0,1.0,255,255,255,1.0,20,0,0.07913620917148945,0.08547260719918877,1,1,arial-bold,384,0,0,0,1.0,255,255,255,1.0,20,9,-0.014051215461167055,0.07293898988541565,1,1,arial-bold,384,0,0,0,1.0,255,255,255,1.0,20
C:\Users\Sebastian Vendt\Git\NNFeedbackOperations\digitclutter\digitclutter\4digits\image_006,occlusion,4,512,512,5,0.27655846186521854,-0.062211679094216085,1,1,arial-bold,384,0,0,0,1.0,255,255,255,1.0,20,7,0.16494805990422196,0.11724454529623561,1,1,arial-bold,384,0,0,0,1.0,255,255,255,1.0,20,0,0.2587924409636955,0.0028237204161451757,1,1,arial-bold,384,0,0,0,1.0,255,255,255,1.0,20,1,0.19862745187140746,0.21548792482599882,1,1,arial-bold,384,0,0,0,1.0,255,255,255,1.0,20
C:\Users\Sebastian Vendt\Git\NNFeedbackOperations\digitclutter\digitclutter\4digits\image_007,occlusion,4,512,512,5,0.00537684183685988,0.20796540058811563,1,1,arial-bold,384,0,0,0,1.0,255,255,255,1.0,20,2,-0.12374338033959964,0.19656798745041404,1,1,arial-bold,384,0,0,0,1.0,255,255,255,1.0,20,7,0.23106105304317953,-0.06031892598947032,1,1,arial-bold,384,0,0,0,1.0,255,255,255,1.0,20,3,0.20211734423350874,0.13636896749099292,1,1,arial-bold,384,0,0,0,1.0,255,255,255,1.0,20
C:\Users\Sebastian Vendt\Git\NNFeedbackOperations\digitclutter\digitclutter\4digits\image_008,occlusion,4,512,512,0,0.0402189241959261,0.23587999977140173,1,1,arial-bold,384,0,0,0,1.0,255,255,255,1.0,20,3,0.2721868445877876,0.17428508685985394,1,1,arial-bold,384,0,0,0,1.0,255,255,255,1.0,20,5,-0.2700630786404882,0.24863655794443928,1,1,arial-bold,384,0,0,0,1.0,255,255,255,1.0,20,2,-0.21870347000204002,-0.05102076310750507,1,1,arial-bold,384,0,0,0,1.0,255,255,255,1.0,20
C:\Users\Sebastian Vendt\Git\NNFeedbackOperations\digitclutter\digitclutter\4digits\image_009,occlusion,4,512,512,7,0.2006913734504598,-0.07199068635643206,1,1,arial-bold,384,0,0,0,1.0,255,255,255,1.0,20,1,-0.02048234000974175,0.10080306974249938,1,1,arial-bold,384,0,0,0,1.0,255,255,255,1.0,20,0,0.20722071514422796,0.1522311325963313,1,1,arial-bold,384,0,0,0,1.0,255,255,255,1.0,20,2,-0.004327142506829362,0.11484759437235582,1,1,arial-bold,384,0,0,0,1.0,255,255,255,1.0,20
C:\Users\Sebastian Vendt\Git\NNFeedbackOperations\digitclutter\digitclutter\4digits\image_010,occlusion,4,512,512,7,-0.1355241918798779,0.21856801759264693,1,1,arial-bold,384,0,0,0,1.0,255,255,255,1.0,20,2,0.09878992779610807,-0.10399319290571656,1,1,arial-bold,384,0,0,0,1.0,255,255,255,1.0,20,4,0.11516253890273814,-0.08677504242605179,1,1,arial-bold,384,0,0,0,1.0,255,255,255,1.0,20,1,0.011820816957613445,-0.01442944630537804,1,1,arial-bold,384,0,0,0,1.0,255,255,255,1.0,20
C:\Users\Sebastian Vendt\Git\NNFeedbackOperations\digitclutter\digitclutter\4digits\image_011,occlusion,4,512,512,7,0.17531319008245527,-0.1068896628108383,1,1,arial-bold,384,0,0,0,1.0,255,255,255,1.0,20,0,-0.28108804349138095,0.0032392851369332926,1,1,arial-bold,384,0,0,0,1.0,255,255,255,1.0,20,6,0.16548479746154887,0.004235997957750162,1,1,arial-bold,384,0,0,0,1.0,255,255,255,1.0,20,5,0.15926182405140898,0.16811557585766868,1,1,arial-bold,384,0,0,0,1.0,255,255,255,1.0,20
C:\Users\Sebastian Vendt\Git\NNFeedbackOperations\digitclutter\digitclutter\4digits\image_012,occlusion,4,512,512,9,-0.136786796614356,0.20817574753052748,1,1,arial-bold,384,0,0,0,1.0,255,255,255,1.0,20,3,0.22173902208460722,0.018633070631791968,1,1,arial-bold,384,0,0,0,1.0,255,255,255,1.0,20,0,-0.17704773675128074,0.1324626351948474,1,1,arial-bold,384,0,0,0,1.0,255,255,255,1.0,20,1,-0.00964447414759273,0.23866224672397518,1,1,arial-bold,384,0,0,0,1.0,255,255,255,1.0,20
C:\Users\Sebastian Vendt\Git\NNFeedbackOperations\digitclutter\digitclutter\4digits\image_013,occlusion,4,512,512,0,0.2699036344221522,0.21915586607517212,1,1,arial-bold,384,0,0,0,1.0,255,255,255,1.0,20,5,0.04749609525284337,0.2637844221620961,1,1,arial-bold,384,0,0,0,1.0,255,255,255,1.0,20,3,-0.22969278309354607,0.19519419171577734,1,1,arial-bold,384,0,0,0,1.0,255,255,255,1.0,20,7,0.1445259964895375,0.14613435042737244,1,1,arial-bold,384,0,0,0,1.0,255,255,255,1.0,20
C:\Users\Sebastian Vendt\Git\NNFeedbackOperations\digitclutter\digitclutter\4digits\image_014,occlusion,4,512,512,9,-0.13590653495100619,0.14699409220015136,1,1,arial-bold,384,0,0,0,1.0,255,255,255,1.0,20,0,-0.23552834524125157,0.22041838913251866,1,1,arial-bold,384,0,0,0,1.0,255,255,255,1.0,20,4,0.07092283554874584,0.10617462936136039,1,1,arial-bold,384,0,0,0,1.0,255,255,255,1.0,20,5,-0.2077468531656113,0.012448767058694729,1,1,arial-bold,384,0,0,0,1.0,255,255,255,1.0,20
C:\Users\Sebastian Vendt\Git\NNFeedbackOperations\digitclutter\digitclutter\4digits\image_015,occlusion,4,512,512,5,0.1259255467219194,0.2508179215263239,1,1,arial-bold,384,0,0,0,1.0,255,255,255,1.0,20,8,-0.18427670384190975,0.1383656972169146,1,1,arial-bold,384,0,0,0,1.0,255,255,255,1.0,20,1,0.22087912949460858,-0.015540392796360797,1,1,arial-bold,384,0,0,0,1.0,255,255,255,1.0,20,4,-0.15075799618830837,-0.0847350959161763,1,1,arial-bold,384,0,0,0,1.0,255,255,255,1.0,20
C:\Users\Sebastian Vendt\Git\NNFeedbackOperations\digitclutter\digitclutter\4digits\image_016,occlusion,4,512,512,0,-0.19781083164854307,0.18461457566842432,1,1,arial-bold,384,0,0,0,1.0,255,255,255,1.0,20,1,0.11340847651855934,0.19956446409832523,1,1,arial-bold,384,0,0,0,1.0,255,255,255,1.0,20,6,0.11224208843665995,0.15355757710611057,1,1,arial-bold,384,0,0,0,1.0,255,255,255,1.0,20,9,-0.11172349067662762,-0.005957119034064484,1,1,arial-bold,384,0,0,0,1.0,255,255,255,1.0,20
C:\Users\Sebastian Vendt\Git\NNFeedbackOperations\digitclutter\digitclutter\4digits\image_017,occlusion,4,512,512,2,0.018015793869612273,-0.10637800707739574,1,1,arial-bold,384,0,0,0,1.0,255,255,255,1.0,20,6,-0.20414967188582306,-0.08482493059204275,1,1,arial-bold,384,0,0,0,1.0,255,255,255,1.0,20,1,0.1413041428057144,0.18505471264589163,1,1,arial-bold,384,0,0,0,1.0,255,255,255,1.0,20,4,0.04634311448459133,-0.11391408987322905,1,1,arial-bold,384,0,0,0,1.0,255,255,255,1.0,20
C:\Users\Sebastian Vendt\Git\NNFeedbackOperations\digitclutter\digitclutter\4digits\image_018,occlusion,4,512,512,1,-0.2163189016299153,-0.01776199994295051,1,1,arial-bold,384,0,0,0,1.0,255,255,255,1.0,20,2,0.1694154241529906,-0.08565990854335569,1,1,arial-bold,384,0,0,0,1.0,255,255,255,1.0,20,5,0.10047642545336516,-0.08041794204104681,1,1,arial-bold,384,0,0,0,1.0,255,255,255,1.0,20,7,-0.234537502965505,-0.03942145164644817,1,1,arial-bold,384,0,0,0,1.0,255,255,255,1.0,20
C:\Users\Sebastian Vendt\Git\NNFeedbackOperations\digitclutter\digitclutter\4digits\image_019,occlusion,4,512,512,3,-0.24153825313522578,0.14060430544773683,1,1,arial-bold,384,0,0,0,1.0,255,255,255,1.0,20,9,-0.24539951484944464,-0.10857376848178642,1,1,arial-bold,384,0,0,0,1.0,255,255,255,1.0,20,2,0.10316266038428362,0.15398104404085738,1,1,arial-bold,384,0,0,0,1.0,255,255,255,1.0,20,0,-0.027159525794057615,0.1454689378746426,1,1,arial-bold,384,0,0,0,1.0,255,255,255,1.0,20
C:\Users\Sebastian Vendt\Git\NNFeedbackOperations\digitclutter\digitclutter\4digits\image_020,occlusion,4,512,512,9,0.1273410082645809,0.19125513546146494,1,1,arial-bold,384,0,0,0,1.0,255,255,255,1.0,20,8,0.138422241215727,0.04653714965066756,1,1,arial-bold,384,0,0,0,1.0,255,255,255,1.0,20,4,0.26385761296567706,0.04507345549616461,1,1,arial-bold,384,0,0,0,1.0,255,255,255,1.0,20,5,-0.031958238105486536,-0.10101854649837148,1,1,arial-bold,384,0,0,0,1.0,255,255,255,1.0,20
C:\Users\Sebastian Vendt\Git\NNFeedbackOperations\digitclutter\digitclutter\4digits\image_021,occlusion,4,512,512,7,0.014859037600106262,0.07339619149246289,1,1,arial-bold,384,0,0,0,1.0,255,255,255,1.0,20,1,-0.01890388581921798,-0.004368674221084154,1,1,arial-bold,384,0,0,0,1.0,255,255,255,1.0,20,4,0.07854086655027537,-0.08959941322489777,1,1,arial-bold,384,0,0,0,1.0,255,255,255,1.0,20,5,0.09694483112877095,0.24201264168024644,1,1,arial-bold,384,0,0,0,1.0,255,255,255,1.0,20
C:\Users\Sebastian Vendt\Git\NNFeedbackOperations\digitclutter\digitclutter\4digits\image_022,occlusion,4,512,512,5,-0.09608345748781288,-0.1110669142725035,1,1,arial-bold,384,0,0,0,1.0,255,255,255,1.0,20,6,-0.20978236101209952,0.031230930355373845,1,1,arial-bold,384,0,0,0,1.0,255,255,255,1.0,20,9,0.14672496664862567,0.08894683047834147,1,1,arial-bold,384,0,0,0,1.0,255,255,255,1.0,20,8,0.17269006139101778,0.009959286374904203,1,1,arial-bold,384,0,0,0,1.0,255,255,255,1.0,20
C:\Users\Sebastian Vendt\Git\NNFeedbackOperations\digitclutter\digitclutter\4digits\image_023,occlusion,4,512,512,9,-0.024132168818155497,-0.06499906593293649,1,1,arial-bold,384,0,0,0,1.0,255,255,255,1.0,20,4,0.1084587258559877,0.1775345413526213,1,1,arial-bold,384,0,0,0,1.0,255,255,255,1.0,20,1,0.12196353214054162,0.03827760770523646,1,1,arial-bold,384,0,0,0,1.0,255,255,255,1.0,20,7,0.08038136852254746,0.2647160635782655,1,1,arial-bold,384,0,0,0,1.0,255,255,255,1.0,20
C:\Users\Sebastian Vendt\Git\NNFeedbackOperations\digitclutter\digitclutter\4digits\image_024,occlusion,4,512,512,3,-0.037405318917692665,0.2643118732693406,1,1,arial-bold,384,0,0,0,1.0,255,255,255,1.0,20,2,0.06625990470538706,0.017600842635567396,1,1,arial-bold,384,0,0,0,1.0,255,255,255,1.0,20,5,0.2527955682266341,-0.08104021394557069,1,1,arial-bold,384,0,0,0,1.0,255,255,255,1.0,20,4,0.1342139928257971,0.054294880421209626,1,1,arial-bold,384,0,0,0,1.0,255,255,255,1.0,20
C:\Users\Sebastian Vendt\Git\NNFeedbackOperations\digitclutter\digitclutter\4digits\image_025,occlusion,4,512,512,3,0.16024327793792215,0.07713552295061461,1,1,arial-bold,384,0,0,0,1.0,255,255,255,1.0,20,5,-0.09004819680115844,0.2052716022587519,1,1,arial-bold,384,0,0,0,1.0,255,255,255,1.0,20,9,0.16560593412683994,0.17005611097106738,1,1,arial-bold,384,0,0,0,1.0,255,255,255,1.0,20,2,0.005255207225982161,0.05655502716004894,1,1,arial-bold,384,0,0,0,1.0,255,255,255,1.0,20
C:\Users\Sebastian Vendt\Git\NNFeedbackOperations\digitclutter\digitclutter\4digits\image_026,occlusion,4,512,512,4,0.1484148359266998,0.26439795756262235,1,1,arial-bold,384,0,0,0,1.0,255,255,255,1.0,20,9,0.10167280669052281,-0.10638150822562044,1,1,arial-bold,384,0,0,0,1.0,255,255,255,1.0,20,7,0.14263790439646268,0.02458307210109416,1,1,arial-bold,384,0,0,0,1.0,255,255,255,1.0,20,3,0.22299494323015828,-0.020198901457747248,1,1,arial-bold,384,0,0,0,1.0,255,255,255,1.0,20
C:\Users\Sebastian Vendt\Git\NNFeedbackOperations\digitclutter\digitclutter\4digits\image_027,occlusion,4,512,512,1,-0.08821315860653248,0.18356516540887907,1,1,arial-bold,384,0,0,0,1.0,255,255,255,1.0,20,5,0.23577038534184042,0.17941514032444517,1,1,arial-bold,384,0,0,0,1.0,255,255,255,1.0,20,8,0.1517938289415457,-0.02849329584793968,1,1,arial-bold,384,0,0,0,1.0,255,255,255,1.0,20,6,0.1973927983099898,-0.11091306987284745,1,1,arial-bold,384,0,0,0,1.0,255,255,255,1.0,20
C:\Users\Sebastian Vendt\Git\NNFeedbackOperations\digitclutter\digitclutter\4digits\image_028,occlusion,4,512,512,1,-0.1599345699558281,-0.04451538883534514,1,1,arial-bold,384,0,0,0,1.0,255,255,255,1.0,20,7,-0.028186392930914295,0.05920888719666277,1,1,arial-bold,384,0,0,0,1.0,255,255,255,1.0,20,8,-0.11966603049011221,-0.10203870423842935,1,1,arial-bold,384,0,0,0,1.0,255,255,255,1.0,20,0,-0.2741865963895373,0.0026280884724080716,1,1,arial-bold,384,0,0,0,1.0,255,255,255,1.0,20
C:\Users\Sebastian Vendt\Git\NNFeedbackOperations\digitclutter\digitclutter\4digits\image_029,occlusion,4,512,512,1,0.08376248654664376,0.1431498544156815,1,1,arial-bold,384,0,0,0,1.0,255,255,255,1.0,20,4,-0.19831834299655093,0.009625772328039434,1,1,arial-bold,384,0,0,0,1.0,255,255,255,1.0,20,0,0.24560426404139252,-0.0634917603474613,1,1,arial-bold,384,0,0,0,1.0,255,255,255,1.0,20,2,-0.1539655431052933,-0.0480777113277793,1,1,arial-bold,384,0,0,0,1.0,255,255,255,1.0,20
C:\Users\Sebastian Vendt\Git\NNFeedbackOperations\digitclutter\digitclutter\4digits\image_030,occlusion,4,512,512,4,-0.10778194245182826,0.09314685777608901,1,1,arial-bold,384,0,0,0,1.0,255,255,255,1.0,20,7,-0.1828310602975176,0.14666231961734338,1,1,arial-bold,384,0,0,0,1.0,255,255,255,1.0,20,5,-0.043044945314056365,0.14944415492421914,1,1,arial-bold,384,0,0,0,1.0,255,255,255,1.0,20,6,0.27846535859620286,-0.08680267115299854,1,1,arial-bold,384,0,0,0,1.0,255,255,255,1.0,20
C:\Users\Sebastian Vendt\Git\NNFeedbackOperations\digitclutter\digitclutter\4digits\image_031,occlusion,4,512,512,3,-0.26095476084719466,0.24970025090690517,1,1,arial-bold,384,0,0,0,1.0,255,255,255,1.0,20,0,-0.19205768692109215,-0.10505174806860686,1,1,arial-bold,384,0,0,0,1.0,255,255,255,1.0,20,2,0.21908129419234473,-0.02893039539009666,1,1,arial-bold,384,0,0,0,1.0,255,255,255,1.0,20,7,0.07073705758077131,-0.015320359501198089,1,1,arial-bold,384,0,0,0,1.0,255,255,255,1.0,20
C:\Users\Sebastian Vendt\Git\NNFeedbackOperations\digitclutter\digitclutter\4digits\image_032,occlusion,4,512,512,5,0.14895733578613857,0.07267885493226318,1,1,arial-bold,384,0,0,0,1.0,255,255,255,1.0,20,2,-0.03134795889386488,0.1944460688010815,1,1,arial-bold,384,0,0,0,1.0,255,255,255,1.0,20,1,-0.08483581597213916,0.16311217015955265,1,1,arial-bold,384,0,0,0,1.0,255,255,255,1.0,20,4,-0.15347048300274196,0.22090261740706446,1,1,arial-bold,384,0,0,0,1.0,255,255,255,1.0,20
C:\Users\Sebastian Vendt\Git\NNFeedbackOperations\digitclutter\digitclutter\4digits\image_033,occlusion,4,512,512,8,-0.17891602856401018,-0.03689614962488562,1,1,arial-bold,384,0,0,0,1.0,255,255,255,1.0,20,3,-0.19049459774665634,0.24736848440075782,1,1,arial-bold,384,0,0,0,1.0,255,255,255,1.0,20,6,0.09643278584439596,-0.03515172484899237,1,1,arial-bold,384,0,0,0,1.0,255,255,255,1.0,20,4,-0.12092537978512394,0.03592698135852122,1,1,arial-bold,384,0,0,0,1.0,255,255,255,1.0,20
C:\Users\Sebastian Vendt\Git\NNFeedbackOperations\digitclutter\digitclutter\4digits\image_034,occlusion,4,512,512,6,0.24872209386283078,0.01884233558474392,1,1,arial-bold,384,0,0,0,1.0,255,255,255,1.0,20,5,0.2157243650608311,-0.11280917823612453,1,1,arial-bold,384,0,0,0,1.0,255,255,255,1.0,20,0,-0.09399910777641399,0.10151253109879792,1,1,arial-bold,384,0,0,0,1.0,255,255,255,1.0,20,2,-0.06473392138818074,0.15731291835733996,1,1,arial-bold,384,0,0,0,1.0,255,255,255,1.0,20
C:\Users\Sebastian Vendt\Git\NNFeedbackOperations\digitclutter\digitclutter\4digits\image_035,occlusion,4,512,512,8,0.07020642616853778,0.016184957557444632,1,1,arial-bold,384,0,0,0,1.0,255,255,255,1.0,20,5,-0.12684804543859413,-0.10552058833051832,1,1,arial-bold,384,0,0,0,1.0,255,255,255,1.0,20,2,0.03653235974922153,0.21639760709497335,1,1,arial-bold,384,0,0,0,1.0,255,255,255,1.0,20,9,-0.14215189900266859,0.07322650650783004,1,1,arial-bold,384,0,0,0,1.0,255,255,255,1.0,20
C:\Users\Sebastian Vendt\Git\NNFeedbackOperations\digitclutter\digitclutter\4digits\image_036,occlusion,4,512,512,2,-0.24258278864426755,-0.030167549181263423,1,1,arial-bold,384,0,0,0,1.0,255,255,255,1.0,20,0,0.1613613551817898,0.09302015986339031,1,1,arial-bold,384,0,0,0,1.0,255,255,255,1.0,20,3,0.18598293699660606,0.13205420137282525,1,1,arial-bold,384,0,0,0,1.0,255,255,255,1.0,20,1,0.17939562051923053,0.12169061316229506,1,1,arial-bold,384,0,0,0,1.0,255,255,255,1.0,20
C:\Users\Sebastian Vendt\Git\NNFeedbackOperations\digitclutter\digitclutter\4digits\image_037,occlusion,4,512,512,6,0.26134665879337854,-0.04359714744644447,1,1,arial-bold,384,0,0,0,1.0,255,255,255,1.0,20,2,-0.11350414776589249,-0.08800506519151648,1,1,arial-bold,384,0,0,0,1.0,255,255,255,1.0,20,7,0.14247678214306453,-0.07237531051612824,1,1,arial-bold,384,0,0,0,1.0,255,255,255,1.0,20,0,-0.12389520799641518,0.18447917592049012,1,1,arial-bold,384,0,0,0,1.0,255,255,255,1.0,20
C:\Users\Sebastian Vendt\Git\NNFeedbackOperations\digitclutter\digitclutter\4digits\image_038,occlusion,4,512,512,1,0.14130081454546806,0.022148748106110103,1,1,arial-bold,384,0,0,0,1.0,255,255,255,1.0,20,4,0.06649363912246092,-0.07234347728198855,1,1,arial-bold,384,0,0,0,1.0,255,255,255,1.0,20,7,-0.22948962824268732,0.03484645453824138,1,1,arial-bold,384,0,0,0,1.0,255,255,255,1.0,20,5,-0.11429817230749342,0.25661784803224436,1,1,arial-bold,384,0,0,0,1.0,255,255,255,1.0,20
C:\Users\Sebastian Vendt\Git\NNFeedbackOperations\digitclutter\digitclutter\4digits\image_039,occlusion,4,512,512,8,0.11540909699934826,-0.0059708931317744435,1,1,arial-bold,384,0,0,0,1.0,255,255,255,1.0,20,4,-0.04982487889849649,0.16212366414809765,1,1,arial-bold,384,0,0,0,1.0,255,255,255,1.0,20,9,-0.05980638663361548,-0.0012980387435869573,1,1,arial-bold,384,0,0,0,1.0,255,255,255,1.0,20,0,0.2029126329140099,0.192578790964752,1,1,arial-bold,384,0,0,0,1.0,255,255,255,1.0,20
C:\Users\Sebastian Vendt\Git\NNFeedbackOperations\digitclutter\digitclutter\4digits\image_040,occlusion,4,512,512,1,0.12551429990914842,0.033560310770271065,1,1,arial-bold,384,0,0,0,1.0,255,255,255,1.0,20,2,-0.03657416106585826,-0.0023428515829108792,1,1,arial-bold,384,0,0,0,1.0,255,255,255,1.0,20,5,-0.15201970294865833,0.23526122010498152,1,1,arial-bold,384,0,0,0,1.0,255,255,255,1.0,20,6,0.16873387142909746,0.08843115805563763,1,1,arial-bold,384,0,0,0,1.0,255,255,255,1.0,20
C:\Users\Sebastian Vendt\Git\NNFeedbackOperations\digitclutter\digitclutter\4digits\image_041,occlusion,4,512,512,2,0.19192175891200086,0.18844359307470698,1,1,arial-bold,384,0,0,0,1.0,255,255,255,1.0,20,9,-0.09205495744040287,0.18265774516762678,1,1,arial-bold,384,0,0,0,1.0,255,255,255,1.0,20,1,-0.12231306737561615,0.2323100817306442,1,1,arial-bold,384,0,0,0,1.0,255,255,255,1.0,20,4,0.13820876223507722,0.08003821653193192,1,1,arial-bold,384,0,0,0,1.0,255,255,255,1.0,20
C:\Users\Sebastian Vendt\Git\NNFeedbackOperations\digitclutter\digitclutter\4digits\image_042,occlusion,4,512,512,5,0.11163372314377856,0.016519666208885828,1,1,arial-bold,384,0,0,0,1.0,255,255,255,1.0,20,8,-0.1302814936452854,0.2596972792371908,1,1,arial-bold,384,0,0,0,1.0,255,255,255,1.0,20,9,-0.010750415779434697,-0.042444150390734084,1,1,arial-bold,384,0,0,0,1.0,255,255,255,1.0,20,1,0.22221462102881334,0.14509085695544638,1,1,arial-bold,384,0,0,0,1.0,255,255,255,1.0,20
C:\Users\Sebastian Vendt\Git\NNFeedbackOperations\digitclutter\digitclutter\4digits\image_043,occlusion,4,512,512,3,-0.14320091847341,-0.07065840969688973,1,1,arial-bold,384,0,0,0,1.0,255,255,255,1.0,20,2,-0.2681085908135207,0.1105526671120179,1,1,arial-bold,384,0,0,0,1.0,255,255,255,1.0,20,5,-0.22077207348587075,0.1710372605647425,1,1,arial-bold,384,0,0,0,1.0,255,255,255,1.0,20,0,0.04981083220671784,0.25796697358535264,1,1,arial-bold,384,0,0,0,1.0,255,255,255,1.0,20
C:\Users\Sebastian Vendt\Git\NNFeedbackOperations\digitclutter\digitclutter\4digits\image_044,occlusion,4,512,512,2,-0.25201312402461695,0.204973119972077,1,1,arial-bold,384,0,0,0,1.0,255,255,255,1.0,20,1,-0.10510750036531213,0.0552932989985757,1,1,arial-bold,384,0,0,0,1.0,255,255,255,1.0,20,7,0.032211400133554335,0.015574985107903241,1,1,arial-bold,384,0,0,0,1.0,255,255,255,1.0,20,8,-0.008089148099950205,0.09989841149366373,1,1,arial-bold,384,0,0,0,1.0,255,255,255,1.0,20
C:\Users\Sebastian Vendt\Git\NNFeedbackOperations\digitclutter\digitclutter\4digits\image_045,occlusion,4,512,512,0,0.2514297794267831,0.22801849438959576,1,1,arial-bold,384,0,0,0,1.0,255,255,255,1.0,20,1,-0.16750311604624024,-0.045357179543604284,1,1,arial-bold,384,0,0,0,1.0,255,255,255,1.0,20,4,-0.07717702324252793,0.12414245872229844,1,1,arial-bold,384,0,0,0,1.0,255,255,255,1.0,20,7,-0.17428453148047995,-0.09068563585207219,1,1,arial-bold,384,0,0,0,1.0,255,255,255,1.0,20
C:\Users\Sebastian Vendt\Git\NNFeedbackOperations\digitclutter\digitclutter\4digits\image_046,occlusion,4,512,512,8,-0.24664245086220016,0.09758115618192352,1,1,arial-bold,384,0,0,0,1.0,255,255,255,1.0,20,4,0.10924885070688495,-0.03346041392283362,1,1,arial-bold,384,0,0,0,1.0,255,255,255,1.0,20,3,-0.21539388213989138,0.18154667025532317,1,1,arial-bold,384,0,0,0,1.0,255,255,255,1.0,20,6,0.12652019366189265,0.1940294733390152,1,1,arial-bold,384,0,0,0,1.0,255,255,255,1.0,20
C:\Users\Sebastian Vendt\Git\NNFeedbackOperations\digitclutter\digitclutter\4digits\image_047,occlusion,4,512,512,5,0.043046032371642506,-0.06180155962395782,1,1,arial-bold,384,0,0,0,1.0,255,255,255,1.0,20,2,0.13540890636518133,0.21542456412719324,1,1,arial-bold,384,0,0,0,1.0,255,255,255,1.0,20,6,-0.2109938181886355,0.20377258820265853,1,1,arial-bold,384,0,0,0,1.0,255,255,255,1.0,20,3,-0.08949916768522223,0.09272605185936943,1,1,arial-bold,384,0,0,0,1.0,255,255,255,1.0,20
C:\Users\Sebastian Vendt\Git\NNFeedbackOperations\digitclutter\digitclutter\4digits\image_048,occlusion,4,512,512,3,-0.045397300958289505,0.19465549770911283,1,1,arial-bold,384,0,0,0,1.0,255,255,255,1.0,20,5,-0.14769548385957026,0.04724929796291659,1,1,arial-bold,384,0,0,0,1.0,255,255,255,1.0,20,1,-0.06324558773454689,0.03837077339582366,1,1,arial-bold,384,0,0,0,1.0,255,255,255,1.0,20,9,-0.17194321144133942,0.19289680855005803,1,1,arial-bold,384,0,0,0,1.0,255,255,255,1.0,20
C:\Users\Sebastian Vendt\Git\NNFeedbackOperations\digitclutter\digitclutter\4digits\image_049,occlusion,4,512,512,5,-0.02471739469800599,0.10497334166336382,1,1,arial-bold,384,0,0,0,1.0,255,255,255,1.0,20,7,0.14139561160350633,0.1905560271892528,1,1,arial-bold,384,0,0,0,1.0,255,255,255,1.0,20,2,-0.1719667007977178,0.24616912034586025,1,1,arial-bold,384,0,0,0,1.0,255,255,255,1.0,20,1,0.286144222965603,0.053029430504515876,1,1,arial-bold,384,0,0,0,1.0,255,255,255,1.0,20
C:\Users\Sebastian Vendt\Git\NNFeedbackOperations\digitclutter\digitclutter\4digits\image_050,occlusion,4,512,512,8,0.13470316637417745,-0.068894942484397,1,1,arial-bold,384,0,0,0,1.0,255,255,255,1.0,20,6,-0.019701838778691083,0.22550300794717743,1,1,arial-bold,384,0,0,0,1.0,255,255,255,1.0,20,9,0.2587818079956746,0.14998230354002112,1,1,arial-bold,384,0,0,0,1.0,255,255,255,1.0,20,5,0.18776332376730198,0.05692759024792689,1,1,arial-bold,384,0,0,0,1.0,255,255,255,1.0,20
C:\Users\Sebastian Vendt\Git\NNFeedbackOperations\digitclutter\digitclutter\4digits\image_051,occlusion,4,512,512,1,0.22765284269864633,-0.01578114996703138,1,1,arial-bold,384,0,0,0,1.0,255,255,255,1.0,20,9,-0.22644011992551166,-0.10463845085875674,1,1,arial-bold,384,0,0,0,1.0,255,255,255,1.0,20,4,-0.054082082555588634,0.15577566900323392,1,1,arial-bold,384,0,0,0,1.0,255,255,255,1.0,20,2,-0.17489018011114435,0.22200383970538434,1,1,arial-bold,384,0,0,0,1.0,255,255,255,1.0,20
C:\Users\Sebastian Vendt\Git\NNFeedbackOperations\digitclutter\digitclutter\4digits\image_052,occlusion,4,512,512,0,-0.20842544222196507,-0.10551846683395695,1,1,arial-bold,384,0,0,0,1.0,255,255,255,1.0,20,5,0.03287887374366638,0.06567939878377417,1,1,arial-bold,384,0,0,0,1.0,255,255,255,1.0,20,4,-0.07076978221633243,0.20954677425612334,1,1,arial-bold,384,0,0,0,1.0,255,255,255,1.0,20,8,0.028749064208831887,0.11127375372937297,1,1,arial-bold,384,0,0,0,1.0,255,255,255,1.0,20
C:\Users\Sebastian Vendt\Git\NNFeedbackOperations\digitclutter\digitclutter\4digits\image_053,occlusion,4,512,512,1,-0.17870480606733535,-0.10550725871773199,1,1,arial-bold,384,0,0,0,1.0,255,255,255,1.0,20,9,0.207015608760575,0.2515764478107926,1,1,arial-bold,384,0,0,0,1.0,255,255,255,1.0,20,2,0.13195501595972137,0.2612931969605946,1,1,arial-bold,384,0,0,0,1.0,255,255,255,1.0,20,7,-0.15254289520736158,-0.04788496215857063,1,1,arial-bold,384,0,0,0,1.0,255,255,255,1.0,20
C:\Users\Sebastian Vendt\Git\NNFeedbackOperations\digitclutter\digitclutter\4digits\image_054,occlusion,4,512,512,7,0.0851076676097009,0.14472818433914486,1,1,arial-bold,384,0,0,0,1.0,255,255,255,1.0,20,9,0.0679850860697156,0.10792466949448083,1,1,arial-bold,384,0,0,0,1.0,255,255,255,1.0,20,8,0.2801715644451223,-0.10872053189391372,1,1,arial-bold,384,0,0,0,1.0,255,255,255,1.0,20,5,-0.26682978366992194,0.20431686917964093,1,1,arial-bold,384,0,0,0,1.0,255,255,255,1.0,20
C:\Users\Sebastian Vendt\Git\NNFeedbackOperations\digitclutter\digitclutter\4digits\image_055,occlusion,4,512,512,7,-0.22422937083425468,0.22304345642394474,1,1,arial-bold,384,0,0,0,1.0,255,255,255,1.0,20,4,0.043579847134687544,-0.023674771833887318,1,1,arial-bold,384,0,0,0,1.0,255,255,255,1.0,20,1,0.22394062693545397,-0.060270444302052015,1,1,arial-bold,384,0,0,0,1.0,255,255,255,1.0,20,6,0.1939369353059992,0.10251444740603356,1,1,arial-bold,384,0,0,0,1.0,255,255,255,1.0,20
C:\Users\Sebastian Vendt\Git\NNFeedbackOperations\digitclutter\digitclutter\4digits\image_056,occlusion,4,512,512,1,-0.25919162972934273,0.2547589579434478,1,1,arial-bold,384,0,0,0,1.0,255,255,255,1.0,20,0,0.19027577785023697,-0.0018447862970789042,1,1,arial-bold,384,0,0,0,1.0,255,255,255,1.0,20,8,0.016007663095325697,0.00634489905560022,1,1,arial-bold,384,0,0,0,1.0,255,255,255,1.0,20,6,0.02433382697946551,-0.10249341436324856,1,1,arial-bold,384,0,0,0,1.0,255,255,255,1.0,20
C:\Users\Sebastian Vendt\Git\NNFeedbackOperations\digitclutter\digitclutter\4digits\image_057,occlusion,4,512,512,7,0.2851380190354303,0.2500911760936744,1,1,arial-bold,384,0,0,0,1.0,255,255,255,1.0,20,2,0.10161769189750136,0.15262679522477024,1,1,arial-bold,384,0,0,0,1.0,255,255,255,1.0,20,8,-0.2113979712963057,0.1301469756489767,1,1,arial-bold,384,0,0,0,1.0,255,255,255,1.0,20,1,-0.15896428642715818,0.018341193225562005,1,1,arial-bold,384,0,0,0,1.0,255,255,255,1.0,20
C:\Users\Sebastian Vendt\Git\NNFeedbackOperations\digitclutter\digitclutter\4digits\image_058,occlusion,4,512,512,2,-0.011010294152641875,-0.014887898997047164,1,1,arial-bold,384,0,0,0,1.0,255,255,255,1.0,20,9,-0.11301366222851592,0.10758837165060563,1,1,arial-bold,384,0,0,0,1.0,255,255,255,1.0,20,8,-0.2692408443888344,0.12172584247305739,1,1,arial-bold,384,0,0,0,1.0,255,255,255,1.0,20,7,0.1790227381835377,0.19750248251524982,1,1,arial-bold,384,0,0,0,1.0,255,255,255,1.0,20
C:\Users\Sebastian Vendt\Git\NNFeedbackOperations\digitclutter\digitclutter\4digits\image_059,occlusion,4,512,512,0,0.12817678058287424,0.05290210928172363,1,1,arial-bold,384,0,0,0,1.0,255,255,255,1.0,20,9,-0.11980601093295032,0.23913399670866609,1,1,arial-bold,384,0,0,0,1.0,255,255,255,1.0,20,7,-0.2867245858448947,0.0623741252144344,1,1,arial-bold,384,0,0,0,1.0,255,255,255,1.0,20,5,-0.2352269047623283,0.11655323976305558,1,1,arial-bold,384,0,0,0,1.0,255,255,255,1.0,20
C:\Users\Sebastian Vendt\Git\NNFeedbackOperations\digitclutter\digitclutter\4digits\image_060,occlusion,4,512,512,5,-0.2882283314725752,0.17391981053364852,1,1,arial-bold,384,0,0,0,1.0,255,255,255,1.0,20,8,0.023892000426740834,0.23046493961564474,1,1,arial-bold,384,0,0,0,1.0,255,255,255,1.0,20,2,0.01943658794546782,0.09031911391858612,1,1,arial-bold,384,0,0,0,1.0,255,255,255,1.0,20,3,-0.2617217053740972,-0.04034955017606384,1,1,arial-bold,384,0,0,0,1.0,255,255,255,1.0,20
C:\Users\Sebastian Vendt\Git\NNFeedbackOperations\digitclutter\digitclutter\4digits\image_061,occlusion,4,512,512,8,0.013474010079500776,-0.007878837005147979,1,1,arial-bold,384,0,0,0,1.0,255,255,255,1.0,20,1,-0.06907361350547714,0.04876119628103191,1,1,arial-bold,384,0,0,0,1.0,255,255,255,1.0,20,9,0.131827141882644,-0.051769695585219586,1,1,arial-bold,384,0,0,0,1.0,255,255,255,1.0,20,0,0.15167721452289717,0.17849674441574231,1,1,arial-bold,384,0,0,0,1.0,255,255,255,1.0,20
C:\Users\Sebastian Vendt\Git\NNFeedbackOperations\digitclutter\digitclutter\4digits\image_062,occlusion,4,512,512,2,-0.009629757785497406,0.23314689535506106,1,1,arial-bold,384,0,0,0,1.0,255,255,255,1.0,20,8,-0.2455099664864935,0.1505426484175834,1,1,arial-bold,384,0,0,0,1.0,255,255,255,1.0,20,3,-0.19123242189931483,-0.06323425372437964,1,1,arial-bold,384,0,0,0,1.0,255,255,255,1.0,20,4,0.041801773373852436,0.13395674638495247,1,1,arial-bold,384,0,0,0,1.0,255,255,255,1.0,20
C:\Users\Sebastian Vendt\Git\NNFeedbackOperations\digitclutter\digitclutter\4digits\image_063,occlusion,4,512,512,8,0.2561090459865268,0.21553393636418117,1,1,arial-bold,384,0,0,0,1.0,255,255,255,1.0,20,5,-0.17336814608034307,0.15215632354764158,1,1,arial-bold,384,0,0,0,1.0,255,255,255,1.0,20,9,-0.2203320165317657,0.026774069618527283,1,1,arial-bold,384,0,0,0,1.0,255,255,255,1.0,20,0,-0.012753493314913378,0.2518862880532943,1,1,arial-bold,384,0,0,0,1.0,255,255,255,1.0,20
C:\Users\Sebastian Vendt\Git\NNFeedbackOperations\digitclutter\digitclutter\4digits\image_064,occlusion,4,512,512,8,-0.18825301113987197,0.09718418749712214,1,1,arial-bold,384,0,0,0,1.0,255,255,255,1.0,20,6,0.2153493213164222,0.0761607042731889,1,1,arial-bold,384,0,0,0,1.0,255,255,255,1.0,20,9,0.21897209252155186,0.26285200716526325,1,1,arial-bold,384,0,0,0,1.0,255,255,255,1.0,20,1,0.21581696520734622,0.2185766429868859,1,1,arial-bold,384,0,0,0,1.0,255,255,255,1.0,20
C:\Users\Sebastian Vendt\Git\NNFeedbackOperations\digitclutter\digitclutter\4digits\image_065,occlusion,4,512,512,2,0.07949279731927283,0.027634126364493874,1,1,arial-bold,384,0,0,0,1.0,255,255,255,1.0,20,1,-0.04684987248792202,0.23890079496075012,1,1,arial-bold,384,0,0,0,1.0,255,255,255,1.0,20,0,0.1056246971453847,0.09690844557179089,1,1,arial-bold,384,0,0,0,1.0,255,255,255,1.0,20,8,-0.027268531089199854,-0.07799262091200491,1,1,arial-bold,384,0,0,0,1.0,255,255,255,1.0,20
C:\Users\Sebastian Vendt\Git\NNFeedbackOperations\digitclutter\digitclutter\4digits\image_066,occlusion,4,512,512,5,-0.054815242939453,0.04292658121260677,1,1,arial-bold,384,0,0,0,1.0,255,255,255,1.0,20,3,-0.050150938467389244,0.0839432536823564,1,1,arial-bold,384,0,0,0,1.0,255,255,255,1.0,20,4,0.18188510282953246,-0.0650777678901615,1,1,arial-bold,384,0,0,0,1.0,255,255,255,1.0,20,2,-0.2615347951424946,0.2169074281897581,1,1,arial-bold,384,0,0,0,1.0,255,255,255,1.0,20
C:\Users\Sebastian Vendt\Git\NNFeedbackOperations\digitclutter\digitclutter\4digits\image_067,occlusion,4,512,512,0,-0.28465866959927855,0.030177685525785578,1,1,arial-bold,384,0,0,0,1.0,255,255,255,1.0,20,7,0.17634619006691854,-0.036907356338054406,1,1,arial-bold,384,0,0,0,1.0,255,255,255,1.0,20,2,0.18913249350343708,0.19446981370427335,1,1,arial-bold,384,0,0,0,1.0,255,255,255,1.0,20,1,0.25224696731803903,0.14306308554160307,1,1,arial-bold,384,0,0,0,1.0,255,255,255,1.0,20
C:\Users\Sebastian Vendt\Git\NNFeedbackOperations\digitclutter\digitclutter\4digits\image_068,occlusion,4,512,512,5,0.2866145615371119,0.10497299641626993,1,1,arial-bold,384,0,0,0,1.0,255,255,255,1.0,20,9,0.056250361770899426,0.19295125564375065,1,1,arial-bold,384,0,0,0,1.0,255,255,255,1.0,20,0,0.09805396330361132,0.00898586464342506,1,1,arial-bold,384,0,0,0,1.0,255,255,255,1.0,20,7,-0.12036193394589118,0.17850258126773155,1,1,arial-bold,384,0,0,0,1.0,255,255,255,1.0,20
C:\Users\Sebastian Vendt\Git\NNFeedbackOperations\digitclutter\digitclutter\4digits\image_069,occlusion,4,512,512,1,0.19643611915369596,0.20056328462379358,1,1,arial-bold,384,0,0,0,1.0,255,255,255,1.0,20,4,-0.2430107594455037,-0.014246396786477919,1,1,arial-bold,384,0,0,0,1.0,255,255,255,1.0,20,5,0.06365426718931694,0.09234861243337412,1,1,arial-bold,384,0,0,0,1.0,255,255,255,1.0,20,0,-0.026076998756348613,0.031722902217100904,1,1,arial-bold,384,0,0,0,1.0,255,255,255,1.0,20
C:\Users\Sebastian Vendt\Git\NNFeedbackOperations\digitclutter\digitclutter\4digits\image_070,occlusion,4,512,512,6,0.07488333645806089,0.04385083658704654,1,1,arial-bold,384,0,0,0,1.0,255,255,255,1.0,20,5,-0.16640537834438102,0.23544365745322188,1,1,arial-bold,384,0,0,0,1.0,255,255,255,1.0,20,3,-0.12956789196964633,0.013663769782022092,1,1,arial-bold,384,0,0,0,1.0,255,255,255,1.0,20,7,0.13634678215329055,-0.013033021756286747,1,1,arial-bold,384,0,0,0,1.0,255,255,255,1.0,20
C:\Users\Sebastian Vendt\Git\NNFeedbackOperations\digitclutter\digitclutter\4digits\image_071,occlusion,4,512,512,0,-0.006122049909781158,0.12060207229676535,1,1,arial-bold,384,0,0,0,1.0,255,255,255,1.0,20,2,0.24079429236943767,0.030272231299560484,1,1,arial-bold,384,0,0,0,1.0,255,255,255,1.0,20,5,-0.05260061439489297,0.18943993090590083,1,1,arial-bold,384,0,0,0,1.0,255,255,255,1.0,20,6,0.16847849933606812,-0.08479595321189894,1,1,arial-bold,384,0,0,0,1.0,255,255,255,1.0,20
C:\Users\Sebastian Vendt\Git\NNFeedbackOperations\digitclutter\digitclutter\4digits\image_072,occlusion,4,512,512,3,0.23262241464504613,0.1088969910293507,1,1,arial-bold,384,0,0,0,1.0,255,255,255,1.0,20,2,-0.24321381555356697,-0.01989021966143323,1,1,arial-bold,384,0,0,0,1.0,255,255,255,1.0,20,7,-0.2261813246261109,-0.04219684117260494,1,1,arial-bold,384,0,0,0,1.0,255,255,255,1.0,20,4,-0.27582926636739813,0.18777852323908906,1,1,arial-bold,384,0,0,0,1.0,255,255,255,1.0,20
C:\Users\Sebastian Vendt\Git\NNFeedbackOperations\digitclutter\digitclutter\4digits\image_073,occlusion,4,512,512,9,0.11894800492259178,0.15035240294171043,1,1,arial-bold,384,0,0,0,1.0,255,255,255,1.0,20,6,0.06984193753386392,0.26585927481022686,1,1,arial-bold,384,0,0,0,1.0,255,255,255,1.0,20,0,-0.048763857088747836,0.1885566599216395,1,1,arial-bold,384,0,0,0,1.0,255,255,255,1.0,20,8,0.24658423921058398,-0.0809398418942945,1,1,arial-bold,384,0,0,0,1.0,255,255,255,1.0,20
C:\Users\Sebastian Vendt\Git\NNFeedbackOperations\digitclutter\digitclutter\4digits\image_074,occlusion,4,512,512,4,-0.016366626927651506,0.13107469565901003,1,1,arial-bold,384,0,0,0,1.0,255,255,255,1.0,20,5,0.08748978697626875,0.01725487630773563,1,1,arial-bold,384,0,0,0,1.0,255,255,255,1.0,20,6,0.01086796928843925,0.22710122072892958,1,1,arial-bold,384,0,0,0,1.0,255,255,255,1.0,20,8,0.010474082952751707,0.15938055700350467,1,1,arial-bold,384,0,0,0,1.0,255,255,255,1.0,20
C:\Users\Sebastian Vendt\Git\NNFeedbackOperations\digitclutter\digitclutter\4digits\image_075,occlusion,4,512,512,2,0.26058589554442796,0.06873134797672152,1,1,arial-bold,384,0,0,0,1.0,255,255,255,1.0,20,4,-0.1625502150372345,-0.08304220785331255,1,1,arial-bold,384,0,0,0,1.0,255,255,255,1.0,20,3,-0.08762345872298868,0.14557802698997074,1,1,arial-bold,384,0,0,0,1.0,255,255,255,1.0,20,0,0.26354878182607094,0.24112097331783466,1,1,arial-bold,384,0,0,0,1.0,255,255,255,1.0,20
C:\Users\Sebastian Vendt\Git\NNFeedbackOperations\digitclutter\digitclutter\4digits\image_076,occlusion,4,512,512,8,-0.010613168647128968,0.13616426767406148,1,1,arial-bold,384,0,0,0,1.0,255,255,255,1.0,20,4,-0.05595651077899452,0.17384355978850058,1,1,arial-bold,384,0,0,0,1.0,255,255,255,1.0,20,6,-0.03987806080476625,0.08769158478218943,1,1,arial-bold,384,0,0,0,1.0,255,255,255,1.0,20,9,-0.13013458950974338,0.17372908297755674,1,1,arial-bold,384,0,0,0,1.0,255,255,255,1.0,20
C:\Users\Sebastian Vendt\Git\NNFeedbackOperations\digitclutter\digitclutter\4digits\image_077,occlusion,4,512,512,1,-0.11975218397857379,0.21945259958889918,1,1,arial-bold,384,0,0,0,1.0,255,255,255,1.0,20,5,0.04173726469885547,0.24080417563677248,1,1,arial-bold,384,0,0,0,1.0,255,255,255,1.0,20,9,0.16340754597856116,0.19803532734931306,1,1,arial-bold,384,0,0,0,1.0,255,255,255,1.0,20,8,0.28396200604257343,0.14633249884801114,1,1,arial-bold,384,0,0,0,1.0,255,255,255,1.0,20
C:\Users\Sebastian Vendt\Git\NNFeedbackOperations\digitclutter\digitclutter\4digits\image_078,occlusion,4,512,512,8,-0.24250615911367904,0.07509260238120787,1,1,arial-bold,384,0,0,0,1.0,255,255,255,1.0,20,2,-0.20550994548860782,0.2426534719651749,1,1,arial-bold,384,0,0,0,1.0,255,255,255,1.0,20,0,0.2741868959034525,-0.03877626447906729,1,1,arial-bold,384,0,0,0,1.0,255,255,255,1.0,20,4,-0.28524771257698134,0.20437733434085975,1,1,arial-bold,384,0,0,0,1.0,255,255,255,1.0,20
C:\Users\Sebastian Vendt\Git\NNFeedbackOperations\digitclutter\digitclutter\4digits\image_079,occlusion,4,512,512,1,-0.28387132238636004,0.05861070875683681,1,1,arial-bold,384,0,0,0,1.0,255,255,255,1.0,20,6,0.06761691705679818,-0.06795828486921855,1,1,arial-bold,384,0,0,0,1.0,255,255,255,1.0,20,4,0.1594550795296426,-0.0028964970478726065,1,1,arial-bold,384,0,0,0,1.0,255,255,255,1.0,20,0,0.2085106161349911,-0.026873061886643915,1,1,arial-bold,384,0,0,0,1.0,255,255,255,1.0,20
C:\Users\Sebastian Vendt\Git\NNFeedbackOperations\digitclutter\digitclutter\4digits\image_080,occlusion,4,512,512,9,-0.2398335056154956,0.11430726638234152,1,1,arial-bold,384,0,0,0,1.0,255,255,255,1.0,20,2,-0.2187854487938049,0.10488397837692011,1,1,arial-bold,384,0,0,0,1.0,255,255,255,1.0,20,0,0.0022139899227772153,0.13962244883135466,1,1,arial-bold,384,0,0,0,1.0,255,255,255,1.0,20,4,-0.16140035464250346,0.18767963369444846,1,1,arial-bold,384,0,0,0,1.0,255,255,255,1.0,20
C:\Users\Sebastian Vendt\Git\NNFeedbackOperations\digitclutter\digitclutter\4digits\image_081,occlusion,4,512,512,8,-0.16178947945774955,0.046961277046819974,1,1,arial-bold,384,0,0,0,1.0,255,255,255,1.0,20,9,0.2801748490217258,-0.03881802155015207,1,1,arial-bold,384,0,0,0,1.0,255,255,255,1.0,20,7,-0.24708099766516012,0.0430456325490768,1,1,arial-bold,384,0,0,0,1.0,255,255,255,1.0,20,1,-0.288211456349137,-0.09010800399148781,1,1,arial-bold,384,0,0,0,1.0,255,255,255,1.0,20
C:\Users\Sebastian Vendt\Git\NNFeedbackOperations\digitclutter\digitclutter\4digits\image_082,occlusion,4,512,512,5,-0.2358951729762805,-0.10980080511024888,1,1,arial-bold,384,0,0,0,1.0,255,255,255,1.0,20,3,-0.10468801221274454,0.18862096971717146,1,1,arial-bold,384,0,0,0,1.0,255,255,255,1.0,20,7,0.00959353836190846,-0.055479403675187514,1,1,arial-bold,384,0,0,0,1.0,255,255,255,1.0,20,9,0.13042728222738426,-0.044512672854532365,1,1,arial-bold,384,0,0,0,1.0,255,255,255,1.0,20
C:\Users\Sebastian Vendt\Git\NNFeedbackOperations\digitclutter\digitclutter\4digits\image_083,occlusion,4,512,512,7,0.007991750775130424,0.2446940788128677,1,1,arial-bold,384,0,0,0,1.0,255,255,255,1.0,20,8,-0.18615144843225218,0.24295526006522827,1,1,arial-bold,384,0,0,0,1.0,255,255,255,1.0,20,1,-0.17514813347513075,0.16301532613866088,1,1,arial-bold,384,0,0,0,1.0,255,255,255,1.0,20,9,0.1984116611129832,-0.05374469664009264,1,1,arial-bold,384,0,0,0,1.0,255,255,255,1.0,20
C:\Users\Sebastian Vendt\Git\NNFeedbackOperations\digitclutter\digitclutter\4digits\image_084,occlusion,4,512,512,7,-0.049962693029497546,0.045571785837926135,1,1,arial-bold,384,0,0,0,1.0,255,255,255,1.0,20,3,0.03482267234042291,0.005351520688299971,1,1,arial-bold,384,0,0,0,1.0,255,255,255,1.0,20,4,-0.08131246828008598,0.13174680121958487,1,1,arial-bold,384,0,0,0,1.0,255,255,255,1.0,20,6,0.275736225351317,0.10822604633857867,1,1,arial-bold,384,0,0,0,1.0,255,255,255,1.0,20
C:\Users\Sebastian Vendt\Git\NNFeedbackOperations\digitclutter\digitclutter\4digits\image_085,occlusion,4,512,512,3,0.18458484471991687,0.13515310387213453,1,1,arial-bold,384,0,0,0,1.0,255,255,255,1.0,20,4,-0.1876875798138904,0.15421274407987018,1,1,arial-bold,384,0,0,0,1.0,255,255,255,1.0,20,8,0.09559473065018442,0.04397492896874826,1,1,arial-bold,384,0,0,0,1.0,255,255,255,1.0,20,1,0.06472211070804751,0.25998679489198057,1,1,arial-bold,384,0,0,0,1.0,255,255,255,1.0,20
C:\Users\Sebastian Vendt\Git\NNFeedbackOperations\digitclutter\digitclutter\4digits\image_086,occlusion,4,512,512,7,0.19993574470252556,-0.09009748841817707,1,1,arial-bold,384,0,0,0,1.0,255,255,255,1.0,20,3,-0.24735428040513305,0.020288401036431578,1,1,arial-bold,384,0,0,0,1.0,255,255,255,1.0,20,8,0.10226179600296087,-0.0029164983000791317,1,1,arial-bold,384,0,0,0,1.0,255,255,255,1.0,20,1,0.12831663388494619,0.04396855630045675,1,1,arial-bold,384,0,0,0,1.0,255,255,255,1.0,20
C:\Users\Sebastian Vendt\Git\NNFeedbackOperations\digitclutter\digitclutter\4digits\image_087,occlusion,4,512,512,1,-0.25200830121391704,0.015560936827215141,1,1,arial-bold,384,0,0,0,1.0,255,255,255,1.0,20,9,-0.2584060224310424,0.10773219648763453,1,1,arial-bold,384,0,0,0,1.0,255,255,255,1.0,20,3,-0.157061074921232,-0.03742243829646873,1,1,arial-bold,384,0,0,0,1.0,255,255,255,1.0,20,2,-0.25487186119872013,0.16326981201284313,1,1,arial-bold,384,0,0,0,1.0,255,255,255,1.0,20
C:\Users\Sebastian Vendt\Git\NNFeedbackOperations\digitclutter\digitclutter\4digits\image_088,occlusion,4,512,512,3,-0.18843376290852903,-0.09705660357405087,1,1,arial-bold,384,0,0,0,1.0,255,255,255,1.0,20,5,-0.007491067918548866,-0.024875009561161912,1,1,arial-bold,384,0,0,0,1.0,255,255,255,1.0,20,4,0.13449163550420173,0.05339562902963864,1,1,arial-bold,384,0,0,0,1.0,255,255,255,1.0,20,0,0.06334119464836568,-0.03000664188888734,1,1,arial-bold,384,0,0,0,1.0,255,255,255,1.0,20
C:\Users\Sebastian Vendt\Git\NNFeedbackOperations\digitclutter\digitclutter\4digits\image_089,occlusion,4,512,512,2,0.24790357879817476,0.11042506196200515,1,1,arial-bold,384,0,0,0,1.0,255,255,255,1.0,20,4,-0.15778661464651553,0.07606246261198522,1,1,arial-bold,384,0,0,0,1.0,255,255,255,1.0,20,1,-0.23838734998716438,-0.08902150074064134,1,1,arial-bold,384,0,0,0,1.0,255,255,255,1.0,20,8,0.2692714078270066,0.05030000363792904,1,1,arial-bold,384,0,0,0,1.0,255,255,255,1.0,20
C:\Users\Sebastian Vendt\Git\NNFeedbackOperations\digitclutter\digitclutter\4digits\image_090,occlusion,4,512,512,3,-0.0243253244695969,-0.050191125902321845,1,1,arial-bold,384,0,0,0,1.0,255,255,255,1.0,20,8,-0.2797382902785434,0.10604762889788989,1,1,arial-bold,384,0,0,0,1.0,255,255,255,1.0,20,0,-0.03989584517563988,-0.09146830967661697,1,1,arial-bold,384,0,0,0,1.0,255,255,255,1.0,20,2,0.16452635258987658,0.18088492948717155,1,1,arial-bold,384,0,0,0,1.0,255,255,255,1.0,20
C:\Users\Sebastian Vendt\Git\NNFeedbackOperations\digitclutter\digitclutter\4digits\image_091,occlusion,4,512,512,7,0.2618818979171484,0.1895059101173157,1,1,arial-bold,384,0,0,0,1.0,255,255,255,1.0,20,3,0.12837639002406714,0.14721012127840344,1,1,arial-bold,384,0,0,0,1.0,255,255,255,1.0,20,4,0.2103317427409263,-0.09569313450294935,1,1,arial-bold,384,0,0,0,1.0,255,255,255,1.0,20,8,0.0923081451584607,0.025082722605398608,1,1,arial-bold,384,0,0,0,1.0,255,255,255,1.0,20
C:\Users\Sebastian Vendt\Git\NNFeedbackOperations\digitclutter\digitclutter\4digits\image_092,occlusion,4,512,512,0,0.1780843664189119,-0.0704562465783982,1,1,arial-bold,384,0,0,0,1.0,255,255,255,1.0,20,8,-0.11629006028135538,0.12390078185172117,1,1,arial-bold,384,0,0,0,1.0,255,255,255,1.0,20,9,0.1653962664314204,0.13705847591872944,1,1,arial-bold,384,0,0,0,1.0,255,255,255,1.0,20,6,0.03714688969092256,-0.05870241729767518,1,1,arial-bold,384,0,0,0,1.0,255,255,255,1.0,20
C:\Users\Sebastian Vendt\Git\NNFeedbackOperations\digitclutter\digitclutter\4digits\image_093,occlusion,4,512,512,7,0.22295027567158027,-0.024218442020954578,1,1,arial-bold,384,0,0,0,1.0,255,255,255,1.0,20,9,-0.0412067913200925,0.04989332966105338,1,1,arial-bold,384,0,0,0,1.0,255,255,255,1.0,20,4,-0.08515784012544392,0.25259616555439346,1,1,arial-bold,384,0,0,0,1.0,255,255,255,1.0,20,8,-0.15917912406554147,-0.03493770828305613,1,1,arial-bold,384,0,0,0,1.0,255,255,255,1.0,20
C:\Users\Sebastian Vendt\Git\NNFeedbackOperations\digitclutter\digitclutter\4digits\image_094,occlusion,4,512,512,4,0.06549314936427503,0.14746581709713286,1,1,arial-bold,384,0,0,0,1.0,255,255,255,1.0,20,0,0.282428302270927,0.23005824225971516,1,1,arial-bold,384,0,0,0,1.0,255,255,255,1.0,20,7,-0.09735563667425481,0.04585666693209227,1,1,arial-bold,384,0,0,0,1.0,255,255,255,1.0,20,8,0.14053311254669498,0.18689449940769015,1,1,arial-bold,384,0,0,0,1.0,255,255,255,1.0,20
C:\Users\Sebastian Vendt\Git\NNFeedbackOperations\digitclutter\digitclutter\4digits\image_095,occlusion,4,512,512,3,-0.23536019999554122,-0.04360812729667579,1,1,arial-bold,384,0,0,0,1.0,255,255,255,1.0,20,2,-0.12941010693382202,0.04163575126636944,1,1,arial-bold,384,0,0,0,1.0,255,255,255,1.0,20,8,0.26296663197853615,0.08007489746988182,1,1,arial-bold,384,0,0,0,1.0,255,255,255,1.0,20,6,0.027871446013590095,0.24666185373166372,1,1,arial-bold,384,0,0,0,1.0,255,255,255,1.0,20
C:\Users\Sebastian Vendt\Git\NNFeedbackOperations\digitclutter\digitclutter\4digits\image_096,occlusion,4,512,512,1,0.04868856426790513,0.2540985176575702,1,1,arial-bold,384,0,0,0,1.0,255,255,255,1.0,20,9,0.1618216898729148,0.16716324235231655,1,1,arial-bold,384,0,0,0,1.0,255,255,255,1.0,20,7,-0.2414632996594098,-0.05018761866007672,1,1,arial-bold,384,0,0,0,1.0,255,255,255,1.0,20,3,0.01196115168402706,0.19378780389097605,1,1,arial-bold,384,0,0,0,1.0,255,255,255,1.0,20
C:\Users\Sebastian Vendt\Git\NNFeedbackOperations\digitclutter\digitclutter\4digits\image_097,occlusion,4,512,512,1,0.2232552069484241,0.26434028992652764,1,1,arial-bold,384,0,0,0,1.0,255,255,255,1.0,20,8,0.03852779488578906,-0.03130654052148259,1,1,arial-bold,384,0,0,0,1.0,255,255,255,1.0,20,5,0.2694372775583505,0.25878731787500386,1,1,arial-bold,384,0,0,0,1.0,255,255,255,1.0,20,7,0.038995617111503844,0.05801283457021063,1,1,arial-bold,384,0,0,0,1.0,255,255,255,1.0,20
C:\Users\Sebastian Vendt\Git\NNFeedbackOperations\digitclutter\digitclutter\4digits\image_098,occlusion,4,512,512,9,-0.09398390809306101,0.2020347287564742,1,1,arial-bold,384,0,0,0,1.0,255,255,255,1.0,20,3,0.17559743550450124,-0.013274966341472627,1,1,arial-bold,384,0,0,0,1.0,255,255,255,1.0,20,4,0.15185845325193648,0.08844260610044859,1,1,arial-bold,384,0,0,0,1.0,255,255,255,1.0,20,5,0.09829912538037988,0.11848539044459723,1,1,arial-bold,384,0,0,0,1.0,255,255,255,1.0,20
C:\Users\Sebastian Vendt\Git\NNFeedbackOperations\digitclutter\digitclutter\4digits\image_099,occlusion,4,512,512,2,0.10092933324261716,0.13951770917626455,1,1,arial-bold,384,0,0,0,1.0,255,255,255,1.0,20,7,0.07802821176563801,0.26480192735224184,1,1,arial-bold,384,0,0,0,1.0,255,255,255,1.0,20,9,0.2865703212765432,0.04831569636931894,1,1,arial-bold,384,0,0,0,1.0,255,255,255,1.0,20,0,0.2586726994701715,0.258679686788737,1,1,arial-bold,384,0,0,0,1.0,255,255,255,1.0,20
C:\Users\Sebastian Vendt\Git\NNFeedbackOperations\digitclutter\digitclutter\4digits\image_100,occlusion,4,512,512,1,-0.23814452807097639,0.2416844583960972,1,1,arial-bold,384,0,0,0,1.0,255,255,255,1.0,20,8,0.06135548703110566,-0.07816230288424293,1,1,arial-bold,384,0,0,0,1.0,255,255,255,1.0,20,6,0.17973673265301243,-0.007593008200195997,1,1,arial-bold,384,0,0,0,1.0,255,255,255,1.0,20,3,0.014039684050780044,0.1841194189087329,1,1,arial-bold,384,0,0,0,1.0,255,255,255,1.0,20
C:\Users\Sebastian Vendt\Git\NNFeedbackOperations\digitclutter\digitclutter\4digits\image_101,occlusion,4,512,512,1,-0.16284037346454627,0.025881517030938814,1,1,arial-bold,384,0,0,0,1.0,255,255,255,1.0,20,3,0.21449677126488903,-0.082094778269908,1,1,arial-bold,384,0,0,0,1.0,255,255,255,1.0,20,8,0.1524547595140705,0.1237227337583686,1,1,arial-bold,384,0,0,0,1.0,255,255,255,1.0,20,4,0.15722567609802507,0.12595172062278742,1,1,arial-bold,384,0,0,0,1.0,255,255,255,1.0,20
C:\Users\Sebastian Vendt\Git\NNFeedbackOperations\digitclutter\digitclutter\4digits\image_102,occlusion,4,512,512,7,-0.0496505734692734,0.23420150338553986,1,1,arial-bold,384,0,0,0,1.0,255,255,255,1.0,20,3,-0.28170601758150793,0.1533174806695239,1,1,arial-bold,384,0,0,0,1.0,255,255,255,1.0,20,6,-0.04482935012675737,0.17498629120883114,1,1,arial-bold,384,0,0,0,1.0,255,255,255,1.0,20,0,-0.062049375950296526,0.04363152067226099,1,1,arial-bold,384,0,0,0,1.0,255,255,255,1.0,20
C:\Users\Sebastian Vendt\Git\NNFeedbackOperations\digitclutter\digitclutter\4digits\image_103,occlusion,4,512,512,4,-0.038436324785478426,-0.021052607006189855,1,1,arial-bold,384,0,0,0,1.0,255,255,255,1.0,20,0,-0.12977577721636188,0.11462046258083027,1,1,arial-bold,384,0,0,0,1.0,255,255,255,1.0,20,9,-0.23515052846802775,-0.07930840357315018,1,1,arial-bold,384,0,0,0,1.0,255,255,255,1.0,20,2,-0.12279532375789487,-0.08362217838371412,1,1,arial-bold,384,0,0,0,1.0,255,255,255,1.0,20
C:\Users\Sebastian Vendt\Git\NNFeedbackOperations\digitclutter\digitclutter\4digits\image_104,occlusion,4,512,512,2,0.016520398809136472,-0.10956746927335513,1,1,arial-bold,384,0,0,0,1.0,255,255,255,1.0,20,6,0.28977258634275077,0.17672142724078665,1,1,arial-bold,384,0,0,0,1.0,255,255,255,1.0,20,1,-0.2859075947213648,-0.011087756970013435,1,1,arial-bold,384,0,0,0,1.0,255,255,255,1.0,20,7,-0.1304353022392699,-0.009677948364555267,1,1,arial-bold,384,0,0,0,1.0,255,255,255,1.0,20
C:\Users\Sebastian Vendt\Git\NNFeedbackOperations\digitclutter\digitclutter\4digits\image_105,occlusion,4,512,512,9,-0.14714289393184857,0.1653299718176166,1,1,arial-bold,384,0,0,0,1.0,255,255,255,1.0,20,0,0.09040040587912163,-0.08085217269999491,1,1,arial-bold,384,0,0,0,1.0,255,255,255,1.0,20,8,-0.0961872942807113,0.09340942794401562,1,1,arial-bold,384,0,0,0,1.0,255,255,255,1.0,20,1,-0.07467038490869132,0.026393835601775675,1,1,arial-bold,384,0,0,0,1.0,255,255,255,1.0,20
C:\Users\Sebastian Vendt\Git\NNFeedbackOperations\digitclutter\digitclutter\4digits\image_106,occlusion,4,512,512,8,0.019876919131542714,0.25750776952642035,1,1,arial-bold,384,0,0,0,1.0,255,255,255,1.0,20,5,0.04452814403417532,-0.06655457620897047,1,1,arial-bold,384,0,0,0,1.0,255,255,255,1.0,20,2,0.03115153859954428,0.2527241343649525,1,1,arial-bold,384,0,0,0,1.0,255,255,255,1.0,20,6,0.27925380274656203,-0.10959575102794138,1,1,arial-bold,384,0,0,0,1.0,255,255,255,1.0,20
C:\Users\Sebastian Vendt\Git\NNFeedbackOperations\digitclutter\digitclutter\4digits\image_107,occlusion,4,512,512,8,0.05734698222575835,0.08157666520810679,1,1,arial-bold,384,0,0,0,1.0,255,255,255,1.0,20,5,0.19744349407692807,-0.03690156716769363,1,1,arial-bold,384,0,0,0,1.0,255,255,255,1.0,20,6,0.11041128924950155,-0.08150582301199462,1,1,arial-bold,384,0,0,0,1.0,255,255,255,1.0,20,1,-0.17132062500264506,-0.04888580373204908,1,1,arial-bold,384,0,0,0,1.0,255,255,255,1.0,20
C:\Users\Sebastian Vendt\Git\NNFeedbackOperations\digitclutter\digitclutter\4digits\image_108,occlusion,4,512,512,5,-0.07466671904237188,0.09686471559080369,1,1,arial-bold,384,0,0,0,1.0,255,255,255,1.0,20,6,0.1533013791157405,0.22340696862522152,1,1,arial-bold,384,0,0,0,1.0,255,255,255,1.0,20,8,-0.07616262201916069,0.25758645714435446,1,1,arial-bold,384,0,0,0,1.0,255,255,255,1.0,20,0,0.23669760845988946,-0.0015074653478431566,1,1,arial-bold,384,0,0,0,1.0,255,255,255,1.0,20
C:\Users\Sebastian Vendt\Git\NNFeedbackOperations\digitclutter\digitclutter\4digits\image_109,occlusion,4,512,512,4,-0.21461946378284052,-0.012271618258042238,1,1,arial-bold,384,0,0,0,1.0,255,255,255,1.0,20,6,-0.2029201247592335,0.2177474505231457,1,1,arial-bold,384,0,0,0,1.0,255,255,255,1.0,20,0,-0.030197102780285145,0.03868446812529093,1,1,arial-bold,384,0,0,0,1.0,255,255,255,1.0,20,8,0.24540173549111505,0.22154821582080736,1,1,arial-bold,384,0,0,0,1.0,255,255,255,1.0,20
C:\Users\Sebastian Vendt\Git\NNFeedbackOperations\digitclutter\digitclutter\4digits\image_110,occlusion,4,512,512,3,-0.11545382038047969,0.00998444288329313,1,1,arial-bold,384,0,0,0,1.0,255,255,255,1.0,20,0,0.19480358609433412,-0.022506636138572345,1,1,arial-bold,384,0,0,0,1.0,255,255,255,1.0,20,2,0.08185888762629234,0.1678651482518016,1,1,arial-bold,384,0,0,0,1.0,255,255,255,1.0,20,6,-0.00031243254322954606,0.11276632819262424,1,1,arial-bold,384,0,0,0,1.0,255,255,255,1.0,20
C:\Users\Sebastian Vendt\Git\NNFeedbackOperations\digitclutter\digitclutter\4digits\image_111,occlusion,4,512,512,5,-0.04771107861782356,0.05270345696038241,1,1,arial-bold,384,0,0,0,1.0,255,255,255,1.0,20,2,0.034851528099890394,0.08935338195215926,1,1,arial-bold,384,0,0,0,1.0,255,255,255,1.0,20,9,-0.024074269310552898,-0.05003777439591724,1,1,arial-bold,384,0,0,0,1.0,255,255,255,1.0,20,3,-0.008525227704129612,0.2197967178029009,1,1,arial-bold,384,0,0,0,1.0,255,255,255,1.0,20
C:\Users\Sebastian Vendt\Git\NNFeedbackOperations\digitclutter\digitclutter\4digits\image_112,occlusion,4,512,512,7,0.07022056512181851,0.008075901046716238,1,1,arial-bold,384,0,0,0,1.0,255,255,255,1.0,20,4,0.22180901020254146,0.10297436471933387,1,1,arial-bold,384,0,0,0,1.0,255,255,255,1.0,20,0,0.10425272010928249,0.18226865705491446,1,1,arial-bold,384,0,0,0,1.0,255,255,255,1.0,20,3,0.07469969789211922,0.18037126781346985,1,1,arial-bold,384,0,0,0,1.0,255,255,255,1.0,20
C:\Users\Sebastian Vendt\Git\NNFeedbackOperations\digitclutter\digitclutter\4digits\image_113,occlusion,4,512,512,3,0.2681998508331623,0.11677032517132467,1,1,arial-bold,384,0,0,0,1.0,255,255,255,1.0,20,7,-0.23447381822956384,0.25448414490142973,1,1,arial-bold,384,0,0,0,1.0,255,255,255,1.0,20,9,-0.2616406444940461,0.11579450072081397,1,1,arial-bold,384,0,0,0,1.0,255,255,255,1.0,20,2,-0.018359465326870383,-0.0569769604217933,1,1,arial-bold,384,0,0,0,1.0,255,255,255,1.0,20
C:\Users\Sebastian Vendt\Git\NNFeedbackOperations\digitclutter\digitclutter\4digits\image_114,occlusion,4,512,512,7,0.009852739274507805,0.2433153627857907,1,1,arial-bold,384,0,0,0,1.0,255,255,255,1.0,20,9,0.2554612699552005,-0.04298987386137132,1,1,arial-bold,384,0,0,0,1.0,255,255,255,1.0,20,1,0.07219854632588574,0.05000618949626555,1,1,arial-bold,384,0,0,0,1.0,255,255,255,1.0,20,4,-0.13207846784700142,0.01670761517690343,1,1,arial-bold,384,0,0,0,1.0,255,255,255,1.0,20
C:\Users\Sebastian Vendt\Git\NNFeedbackOperations\digitclutter\digitclutter\4digits\image_115,occlusion,4,512,512,2,-0.23970134770880183,-0.032896027310753084,1,1,arial-bold,384,0,0,0,1.0,255,255,255,1.0,20,8,0.2735140616390496,0.046746241678804465,1,1,arial-bold,384,0,0,0,1.0,255,255,255,1.0,20,4,0.22714396478879267,0.24564322444289338,1,1,arial-bold,384,0,0,0,1.0,255,255,255,1.0,20,1,-0.22845566033307146,0.19845311035148144,1,1,arial-bold,384,0,0,0,1.0,255,255,255,1.0,20
C:\Users\Sebastian Vendt\Git\NNFeedbackOperations\digitclutter\digitclutter\4digits\image_116,occlusion,4,512,512,9,-0.11911426806736988,-0.015734233716397775,1,1,arial-bold,384,0,0,0,1.0,255,255,255,1.0,20,7,0.014761696644765399,-0.08232684474561848,1,1,arial-bold,384,0,0,0,1.0,255,255,255,1.0,20,4,0.18792252412560173,0.010451357848216339,1,1,arial-bold,384,0,0,0,1.0,255,255,255,1.0,20,0,-0.23971493870712338,-0.0201367207947257,1,1,arial-bold,384,0,0,0,1.0,255,255,255,1.0,20
C:\Users\Sebastian Vendt\Git\NNFeedbackOperations\digitclutter\digitclutter\4digits\image_117,occlusion,4,512,512,9,0.2850687049357757,0.04517025119069824,1,1,arial-bold,384,0,0,0,1.0,255,255,255,1.0,20,3,0.026058159526966718,0.1928785398544784,1,1,arial-bold,384,0,0,0,1.0,255,255,255,1.0,20,2,0.20552217086903912,0.18472885562111696,1,1,arial-bold,384,0,0,0,1.0,255,255,255,1.0,20,1,-0.23476207400192484,-0.010523679773155867,1,1,arial-bold,384,0,0,0,1.0,255,255,255,1.0,20
C:\Users\Sebastian Vendt\Git\NNFeedbackOperations\digitclutter\digitclutter\4digits\image_118,occlusion,4,512,512,0,0.1812470659941111,-0.0519842764461851,1,1,arial-bold,384,0,0,0,1.0,255,255,255,1.0,20,8,0.237037941373533,0.019756887634561945,1,1,arial-bold,384,0,0,0,1.0,255,255,255,1.0,20,4,0.10168688370587275,0.0062415286984287,1,1,arial-bold,384,0,0,0,1.0,255,255,255,1.0,20,7,-0.032816909594365284,-0.02272401378245552,1,1,arial-bold,384,0,0,0,1.0,255,255,255,1.0,20
C:\Users\Sebastian Vendt\Git\NNFeedbackOperations\digitclutter\digitclutter\4digits\image_119,occlusion,4,512,512,2,-0.268527284297004,0.02005414870255591,1,1,arial-bold,384,0,0,0,1.0,255,255,255,1.0,20,3,-0.2850715261141017,0.1485811798061475,1,1,arial-bold,384,0,0,0,1.0,255,255,255,1.0,20,8,0.15743436861762589,0.07523974265508636,1,1,arial-bold,384,0,0,0,1.0,255,255,255,1.0,20,6,0.05979564277744748,0.13381949084827566,1,1,arial-bold,384,0,0,0,1.0,255,255,255,1.0,20
C:\Users\Sebastian Vendt\Git\NNFeedbackOperations\digitclutter\digitclutter\4digits\image_120,occlusion,4,512,512,2,-0.05793102566619507,-0.06788484563615825,1,1,arial-bold,384,0,0,0,1.0,255,255,255,1.0,20,9,-0.0169111081151187,0.08755445400583921,1,1,arial-bold,384,0,0,0,1.0,255,255,255,1.0,20,5,0.07049596724287954,0.06727043648946902,1,1,arial-bold,384,0,0,0,1.0,255,255,255,1.0,20,3,0.026406386211598798,0.2052184153530205,1,1,arial-bold,384,0,0,0,1.0,255,255,255,1.0,20
C:\Users\Sebastian Vendt\Git\NNFeedbackOperations\digitclutter\digitclutter\4digits\image_121,occlusion,4,512,512,3,-0.25537611956151685,-0.07841254884164091,1,1,arial-bold,384,0,0,0,1.0,255,255,255,1.0,20,1,-0.14785068565068843,-0.008104900117814146,1,1,arial-bold,384,0,0,0,1.0,255,255,255,1.0,20,0,0.1975664343459712,0.202223210246601,1,1,arial-bold,384,0,0,0,1.0,255,255,255,1.0,20,9,0.19886192160218674,0.15714852111472477,1,1,arial-bold,384,0,0,0,1.0,255,255,255,1.0,20
C:\Users\Sebastian Vendt\Git\NNFeedbackOperations\digitclutter\digitclutter\4digits\image_122,occlusion,4,512,512,9,-0.2737063438621988,0.15272653068218328,1,1,arial-bold,384,0,0,0,1.0,255,255,255,1.0,20,6,-0.10613738445996976,-0.019015109124018062,1,1,arial-bold,384,0,0,0,1.0,255,255,255,1.0,20,5,0.13584634850711164,-0.056314881441730566,1,1,arial-bold,384,0,0,0,1.0,255,255,255,1.0,20,0,-0.010943663266825221,-0.06889423425853893,1,1,arial-bold,384,0,0,0,1.0,255,255,255,1.0,20
C:\Users\Sebastian Vendt\Git\NNFeedbackOperations\digitclutter\digitclutter\4digits\image_123,occlusion,4,512,512,7,0.2210618150922417,0.2169061799740305,1,1,arial-bold,384,0,0,0,1.0,255,255,255,1.0,20,5,-0.10261009057884798,0.05677800981483501,1,1,arial-bold,384,0,0,0,1.0,255,255,255,1.0,20,3,0.2784148170868817,-0.02322066322397212,1,1,arial-bold,384,0,0,0,1.0,255,255,255,1.0,20,6,-0.08056186330565096,0.20503647871784686,1,1,arial-bold,384,0,0,0,1.0,255,255,255,1.0,20
C:\Users\Sebastian Vendt\Git\NNFeedbackOperations\digitclutter\digitclutter\4digits\image_124,occlusion,4,512,512,0,0.1893612514432842,0.0730571720517159,1,1,arial-bold,384,0,0,0,1.0,255,255,255,1.0,20,6,-0.03563544500346394,-0.07465281757957327,1,1,arial-bold,384,0,0,0,1.0,255,255,255,1.0,20,9,-0.08512145600292176,-0.06616584019023906,1,1,arial-bold,384,0,0,0,1.0,255,255,255,1.0,20,1,-0.1568763468127339,0.25721696691088497,1,1,arial-bold,384,0,0,0,1.0,255,255,255,1.0,20
C:\Users\Sebastian Vendt\Git\NNFeedbackOperations\digitclutter\digitclutter\4digits\image_125,occlusion,4,512,512,9,-0.029094245030371724,0.10080981980298966,1,1,arial-bold,384,0,0,0,1.0,255,255,255,1.0,20,6,-0.2851570995731874,0.2500532175319527,1,1,arial-bold,384,0,0,0,1.0,255,255,255,1.0,20,0,-0.08662703481282524,0.20356028849945906,1,1,arial-bold,384,0,0,0,1.0,255,255,255,1.0,20,7,0.2573119060910812,0.0446222494583086,1,1,arial-bold,384,0,0,0,1.0,255,255,255,1.0,20
C:\Users\Sebastian Vendt\Git\NNFeedbackOperations\digitclutter\digitclutter\4digits\image_126,occlusion,4,512,512,8,-0.028935394005251303,0.1474974159135296,1,1,arial-bold,384,0,0,0,1.0,255,255,255,1.0,20,7,-0.08973203324886758,0.25468910899914027,1,1,arial-bold,384,0,0,0,1.0,255,255,255,1.0,20,6,0.24017434680464683,-0.06732797780190396,1,1,arial-bold,384,0,0,0,1.0,255,255,255,1.0,20,3,0.14752925245556497,-0.04009211364307941,1,1,arial-bold,384,0,0,0,1.0,255,255,255,1.0,20
C:\Users\Sebastian Vendt\Git\NNFeedbackOperations\digitclutter\digitclutter\4digits\image_127,occlusion,4,512,512,1,-0.06833065758906631,-0.014994245131050063,1,1,arial-bold,384,0,0,0,1.0,255,255,255,1.0,20,7,0.07195649131776333,-0.01701521720146222,1,1,arial-bold,384,0,0,0,1.0,255,255,255,1.0,20,9,0.10363291055360163,-0.015858499486911204,1,1,arial-bold,384,0,0,0,1.0,255,255,255,1.0,20,5,0.0384246707107756,0.2612324854458921,1,1,arial-bold,384,0,0,0,1.0,255,255,255,1.0,20
C:\Users\Sebastian Vendt\Git\NNFeedbackOperations\digitclutter\digitclutter\4digits\image_128,occlusion,4,512,512,7,-0.20101066190612432,0.15666774187734767,1,1,arial-bold,384,0,0,0,1.0,255,255,255,1.0,20,4,-0.07580902816811522,0.25334390218665576,1,1,arial-bold,384,0,0,0,1.0,255,255,255,1.0,20,2,-0.08974151690210588,-0.021372794925727495,1,1,arial-bold,384,0,0,0,1.0,255,255,255,1.0,20,8,0.20157431354314298,0.1228399445329293,1,1,arial-bold,384,0,0,0,1.0,255,255,255,1.0,20
C:\Users\Sebastian Vendt\Git\NNFeedbackOperations\digitclutter\digitclutter\4digits\image_129,occlusion,4,512,512,0,-0.09263260426501121,0.21021124520909068,1,1,arial-bold,384,0,0,0,1.0,255,255,255,1.0,20,8,-0.051048470608212826,-0.01167025500952143,1,1,arial-bold,384,0,0,0,1.0,255,255,255,1.0,20,6,-0.13542910974831404,-0.06519491262697742,1,1,arial-bold,384,0,0,0,1.0,255,255,255,1.0,20,9,-0.025469063302930695,-0.04900166225396528,1,1,arial-bold,384,0,0,0,1.0,255,255,255,1.0,20
C:\Users\Sebastian Vendt\Git\NNFeedbackOperations\digitclutter\digitclutter\4digits\image_130,occlusion,4,512,512,4,-0.25708612376204726,0.05568073805322045,1,1,arial-bold,384,0,0,0,1.0,255,255,255,1.0,20,0,-0.0574539002244043,0.052586999583439306,1,1,arial-bold,384,0,0,0,1.0,255,255,255,1.0,20,3,0.030024040487749593,-0.10585525936574854,1,1,arial-bold,384,0,0,0,1.0,255,255,255,1.0,20,9,-0.25453924285502183,-0.016492817706407537,1,1,arial-bold,384,0,0,0,1.0,255,255,255,1.0,20
C:\Users\Sebastian Vendt\Git\NNFeedbackOperations\digitclutter\digitclutter\4digits\image_131,occlusion,4,512,512,9,0.027617773743747742,0.14963084459634696,1,1,arial-bold,384,0,0,0,1.0,255,255,255,1.0,20,8,-0.16334623405364332,-0.047214247130921566,1,1,arial-bold,384,0,0,0,1.0,255,255,255,1.0,20,6,-0.1290046275326398,0.23917028858618228,1,1,arial-bold,384,0,0,0,1.0,255,255,255,1.0,20,7,-0.21804304418907172,0.19171178465442257,1,1,arial-bold,384,0,0,0,1.0,255,255,255,1.0,20
C:\Users\Sebastian Vendt\Git\NNFeedbackOperations\digitclutter\digitclutter\4digits\image_132,occlusion,4,512,512,2,-0.23512884438817,0.24366960047393138,1,1,arial-bold,384,0,0,0,1.0,255,255,255,1.0,20,7,-0.1761248548047743,-0.04917052336501772,1,1,arial-bold,384,0,0,0,1.0,255,255,255,1.0,20,5,0.09704544757883116,0.11856087923548185,1,1,arial-bold,384,0,0,0,1.0,255,255,255,1.0,20,8,-0.2538940630338827,-0.09744928331641804,1,1,arial-bold,384,0,0,0,1.0,255,255,255,1.0,20
C:\Users\Sebastian Vendt\Git\NNFeedbackOperations\digitclutter\digitclutter\4digits\image_133,occlusion,4,512,512,5,0.07347055447270362,0.051557515314812494,1,1,arial-bold,384,0,0,0,1.0,255,255,255,1.0,20,9,0.11381821636275752,0.23148170252835742,1,1,arial-bold,384,0,0,0,1.0,255,255,255,1.0,20,4,-0.07733953971517005,0.19898742500266126,1,1,arial-bold,384,0,0,0,1.0,255,255,255,1.0,20,7,-0.036447005619468675,0.20981174215730564,1,1,arial-bold,384,0,0,0,1.0,255,255,255,1.0,20
C:\Users\Sebastian Vendt\Git\NNFeedbackOperations\digitclutter\digitclutter\4digits\image_134,occlusion,4,512,512,7,0.18092891736357325,0.26561541291992113,1,1,arial-bold,384,0,0,0,1.0,255,255,255,1.0,20,3,0.08866478446951448,0.17202286401883232,1,1,arial-bold,384,0,0,0,1.0,255,255,255,1.0,20,2,0.23623726238040882,0.10461205179825724,1,1,arial-bold,384,0,0,0,1.0,255,255,255,1.0,20,9,0.12655226941996456,-0.06065852626274636,1,1,arial-bold,384,0,0,0,1.0,255,255,255,1.0,20
C:\Users\Sebastian Vendt\Git\NNFeedbackOperations\digitclutter\digitclutter\4digits\image_135,occlusion,4,512,512,5,-0.14799778152667167,0.2063053898718144,1,1,arial-bold,384,0,0,0,1.0,255,255,255,1.0,20,0,-0.057813131569056014,-0.10919538432366109,1,1,arial-bold,384,0,0,0,1.0,255,255,255,1.0,20,8,0.0477856926042412,0.2330004057320902,1,1,arial-bold,384,0,0,0,1.0,255,255,255,1.0,20,6,-0.0951209667215164,-0.022673666593370292,1,1,arial-bold,384,0,0,0,1.0,255,255,255,1.0,20
C:\Users\Sebastian Vendt\Git\NNFeedbackOperations\digitclutter\digitclutter\4digits\image_136,occlusion,4,512,512,0,-0.2438067995750002,0.23809348680152648,1,1,arial-bold,384,0,0,0,1.0,255,255,255,1.0,20,9,0.22365297897877162,0.15829148388551234,1,1,arial-bold,384,0,0,0,1.0,255,255,255,1.0,20,8,0.2814334359358664,0.10072543104848518,1,1,arial-bold,384,0,0,0,1.0,255,255,255,1.0,20,3,-0.07806043609617841,0.1660081002404482,1,1,arial-bold,384,0,0,0,1.0,255,255,255,1.0,20
C:\Users\Sebastian Vendt\Git\NNFeedbackOperations\digitclutter\digitclutter\4digits\image_137,occlusion,4,512,512,6,0.27779628412867235,0.042952656969623484,1,1,arial-bold,384,0,0,0,1.0,255,255,255,1.0,20,3,-0.08052499585643053,0.09329917631195477,1,1,arial-bold,384,0,0,0,1.0,255,255,255,1.0,20,8,-0.23381037051458775,-0.05309330200156297,1,1,arial-bold,384,0,0,0,1.0,255,255,255,1.0,20,1,0.16387662610163134,0.21665591520981636,1,1,arial-bold,384,0,0,0,1.0,255,255,255,1.0,20
C:\Users\Sebastian Vendt\Git\NNFeedbackOperations\digitclutter\digitclutter\4digits\image_138,occlusion,4,512,512,1,-0.1924462705705335,-0.07288362435265695,1,1,arial-bold,384,0,0,0,1.0,255,255,255,1.0,20,5,0.1405825448363227,0.10121246847478373,1,1,arial-bold,384,0,0,0,1.0,255,255,255,1.0,20,4,0.27331381941235705,0.1261212090025638,1,1,arial-bold,384,0,0,0,1.0,255,255,255,1.0,20,6,0.2388127614598639,0.09495413051728042,1,1,arial-bold,384,0,0,0,1.0,255,255,255,1.0,20
C:\Users\Sebastian Vendt\Git\NNFeedbackOperations\digitclutter\digitclutter\4digits\image_139,occlusion,4,512,512,9,-0.24580279158605164,0.13486475496725203,1,1,arial-bold,384,0,0,0,1.0,255,255,255,1.0,20,2,0.21201867289564896,-0.08311877977920033,1,1,arial-bold,384,0,0,0,1.0,255,255,255,1.0,20,3,-0.052931475639125564,0.12251539052452452,1,1,arial-bold,384,0,0,0,1.0,255,255,255,1.0,20,8,-0.12978232349959,0.06885488619390472,1,1,arial-bold,384,0,0,0,1.0,255,255,255,1.0,20
C:\Users\Sebastian Vendt\Git\NNFeedbackOperations\digitclutter\digitclutter\4digits\image_140,occlusion,4,512,512,9,-0.09212212865866298,0.01891411830462729,1,1,arial-bold,384,0,0,0,1.0,255,255,255,1.0,20,3,-0.10771631688254732,-0.0026942089818175474,1,1,arial-bold,384,0,0,0,1.0,255,255,255,1.0,20,5,0.28312086456121893,0.20880509256053503,1,1,arial-bold,384,0,0,0,1.0,255,255,255,1.0,20,4,-0.05379514255233864,0.06921522716611563,1,1,arial-bold,384,0,0,0,1.0,255,255,255,1.0,20
C:\Users\Sebastian Vendt\Git\NNFeedbackOperations\digitclutter\digitclutter\4digits\image_141,occlusion,4,512,512,8,-0.2724640358929041,0.14836741100521378,1,1,arial-bold,384,0,0,0,1.0,255,255,255,1.0,20,3,-0.25038403627687766,0.014057998186797635,1,1,arial-bold,384,0,0,0,1.0,255,255,255,1.0,20,0,0.07332258485244392,0.029135943061979044,1,1,arial-bold,384,0,0,0,1.0,255,255,255,1.0,20,2,-0.07157426119486054,-0.011111378559904558,1,1,arial-bold,384,0,0,0,1.0,255,255,255,1.0,20
C:\Users\Sebastian Vendt\Git\NNFeedbackOperations\digitclutter\digitclutter\4digits\image_142,occlusion,4,512,512,7,0.019376901724922846,0.06252701135714696,1,1,arial-bold,384,0,0,0,1.0,255,255,255,1.0,20,9,0.03155481776256125,0.09385768457988693,1,1,arial-bold,384,0,0,0,1.0,255,255,255,1.0,20,3,-0.02963645520533703,-0.031557199837434075,1,1,arial-bold,384,0,0,0,1.0,255,255,255,1.0,20,6,0.21331478464423187,0.00816460194923381,1,1,arial-bold,384,0,0,0,1.0,255,255,255,1.0,20
C:\Users\Sebastian Vendt\Git\NNFeedbackOperations\digitclutter\digitclutter\4digits\image_143,occlusion,4,512,512,9,-0.11670418215118245,0.08744714671622099,1,1,arial-bold,384,0,0,0,1.0,255,255,255,1.0,20,1,-0.19273405886528866,0.04514853710895338,1,1,arial-bold,384,0,0,0,1.0,255,255,255,1.0,20,2,-0.14497522498932605,0.12428888066779843,1,1,arial-bold,384,0,0,0,1.0,255,255,255,1.0,20,6,-0.2765347862007487,0.023978857946966345,1,1,arial-bold,384,0,0,0,1.0,255,255,255,1.0,20
C:\Users\Sebastian Vendt\Git\NNFeedbackOperations\digitclutter\digitclutter\4digits\image_144,occlusion,4,512,512,1,-0.06210510772268399,0.0790369142269453,1,1,arial-bold,384,0,0,0,1.0,255,255,255,1.0,20,9,-0.2588643627190987,0.15280163280482773,1,1,arial-bold,384,0,0,0,1.0,255,255,255,1.0,20,3,-0.06040193658312895,0.19521075441769492,1,1,arial-bold,384,0,0,0,1.0,255,255,255,1.0,20,4,0.1100118215038392,-0.025994184212585356,1,1,arial-bold,384,0,0,0,1.0,255,255,255,1.0,20
C:\Users\Sebastian Vendt\Git\NNFeedbackOperations\digitclutter\digitclutter\4digits\image_145,occlusion,4,512,512,5,0.20587814622163308,0.09105593328597293,1,1,arial-bold,384,0,0,0,1.0,255,255,255,1.0,20,0,-0.04053232642312804,0.08521297780948915,1,1,arial-bold,384,0,0,0,1.0,255,255,255,1.0,20,6,-0.04787324346491334,0.03521343668531231,1,1,arial-bold,384,0,0,0,1.0,255,255,255,1.0,20,7,0.15328703172393804,0.2657324905580789,1,1,arial-bold,384,0,0,0,1.0,255,255,255,1.0,20
C:\Users\Sebastian Vendt\Git\NNFeedbackOperations\digitclutter\digitclutter\4digits\image_146,occlusion,4,512,512,6,-0.2797706035327793,0.008389434124719763,1,1,arial-bold,384,0,0,0,1.0,255,255,255,1.0,20,9,-0.2057223608320446,-0.054263795419569896,1,1,arial-bold,384,0,0,0,1.0,255,255,255,1.0,20,4,-0.019214296709819778,0.08365941857104799,1,1,arial-bold,384,0,0,0,1.0,255,255,255,1.0,20,7,0.02948598761617255,0.09422403008970594,1,1,arial-bold,384,0,0,0,1.0,255,255,255,1.0,20
C:\Users\Sebastian Vendt\Git\NNFeedbackOperations\digitclutter\digitclutter\4digits\image_147,occlusion,4,512,512,5,-0.0478689479697835,0.23635634905730413,1,1,arial-bold,384,0,0,0,1.0,255,255,255,1.0,20,8,0.055802500396309296,-0.09543524426611295,1,1,arial-bold,384,0,0,0,1.0,255,255,255,1.0,20,3,-0.17705119792815258,0.08601244800042386,1,1,arial-bold,384,0,0,0,1.0,255,255,255,1.0,20,6,0.22322849361633573,0.09495025394428115,1,1,arial-bold,384,0,0,0,1.0,255,255,255,1.0,20
C:\Users\Sebastian Vendt\Git\NNFeedbackOperations\digitclutter\digitclutter\4digits\image_148,occlusion,4,512,512,3,0.13720273493486979,0.03893688178035952,1,1,arial-bold,384,0,0,0,1.0,255,255,255,1.0,20,1,0.09503092474314495,0.1124648618134098,1,1,arial-bold,384,0,0,0,1.0,255,255,255,1.0,20,9,-0.28935126050503085,-0.025145877001968686,1,1,arial-bold,384,0,0,0,1.0,255,255,255,1.0,20,2,0.2266222012328198,0.07460186512378743,1,1,arial-bold,384,0,0,0,1.0,255,255,255,1.0,20
C:\Users\Sebastian Vendt\Git\NNFeedbackOperations\digitclutter\digitclutter\4digits\image_149,occlusion,4,512,512,8,-0.2832444573204443,-0.10504202778673287,1,1,arial-bold,384,0,0,0,1.0,255,255,255,1.0,20,5,0.14095085657198503,-0.08022703479840844,1,1,arial-bold,384,0,0,0,1.0,255,255,255,1.0,20,3,0.008388579416950592,0.10901920457912105,1,1,arial-bold,384,0,0,0,1.0,255,255,255,1.0,20,4,0.18075181434981918,0.08544925286047221,1,1,arial-bold,384,0,0,0,1.0,255,255,255,1.0,20
C:\Users\Sebastian Vendt\Git\NNFeedbackOperations\digitclutter\digitclutter\4digits\image_150,occlusion,4,512,512,2,0.2528615667481658,0.11783342889441971,1,1,arial-bold,384,0,0,0,1.0,255,255,255,1.0,20,6,-0.27615696319052807,-0.0748891538897374,1,1,arial-bold,384,0,0,0,1.0,255,255,255,1.0,20,8,-0.014140781553377335,0.23550244225742756,1,1,arial-bold,384,0,0,0,1.0,255,255,255,1.0,20,3,-0.04948288658510738,0.08549504380870986,1,1,arial-bold,384,0,0,0,1.0,255,255,255,1.0,20
C:\Users\Sebastian Vendt\Git\NNFeedbackOperations\digitclutter\digitclutter\4digits\image_151,occlusion,4,512,512,1,0.19036325156738404,0.034153500631704206,1,1,arial-bold,384,0,0,0,1.0,255,255,255,1.0,20,4,0.25108885177640367,-0.008552378459660073,1,1,arial-bold,384,0,0,0,1.0,255,255,255,1.0,20,2,0.13455447533704662,-0.039765210354700195,1,1,arial-bold,384,0,0,0,1.0,255,255,255,1.0,20,8,-0.26993108673456373,-0.046814837958498653,1,1,arial-bold,384,0,0,0,1.0,255,255,255,1.0,20
C:\Users\Sebastian Vendt\Git\NNFeedbackOperations\digitclutter\digitclutter\4digits\image_152,occlusion,4,512,512,8,0.0004505167225657414,-0.04253538300012598,1,1,arial-bold,384,0,0,0,1.0,255,255,255,1.0,20,1,0.12783336758573116,0.17144264531029269,1,1,arial-bold,384,0,0,0,1.0,255,255,255,1.0,20,7,0.2638218882159116,-0.09483629868624209,1,1,arial-bold,384,0,0,0,1.0,255,255,255,1.0,20,2,0.2809056476516804,0.23646385062486136,1,1,arial-bold,384,0,0,0,1.0,255,255,255,1.0,20
C:\Users\Sebastian Vendt\Git\NNFeedbackOperations\digitclutter\digitclutter\4digits\image_153,occlusion,4,512,512,3,-0.052227002988655624,0.2419487534385522,1,1,arial-bold,384,0,0,0,1.0,255,255,255,1.0,20,0,-0.21720038760610466,0.15669890212614074,1,1,arial-bold,384,0,0,0,1.0,255,255,255,1.0,20,1,0.008141849430410242,-0.0962185498855034,1,1,arial-bold,384,0,0,0,1.0,255,255,255,1.0,20,7,-0.1134215647562957,-0.0220690859461882,1,1,arial-bold,384,0,0,0,1.0,255,255,255,1.0,20
C:\Users\Sebastian Vendt\Git\NNFeedbackOperations\digitclutter\digitclutter\4digits\image_154,occlusion,4,512,512,3,-0.09093240749955336,0.166724243209867,1,1,arial-bold,384,0,0,0,1.0,255,255,255,1.0,20,5,-0.28553728522054594,0.18085238969599554,1,1,arial-bold,384,0,0,0,1.0,255,255,255,1.0,20,7,-0.13412049896389996,-0.040911459888221355,1,1,arial-bold,384,0,0,0,1.0,255,255,255,1.0,20,2,0.24648719702425442,-0.06464028434635981,1,1,arial-bold,384,0,0,0,1.0,255,255,255,1.0,20
C:\Users\Sebastian Vendt\Git\NNFeedbackOperations\digitclutter\digitclutter\4digits\image_155,occlusion,4,512,512,4,0.22382381211363872,0.007687978059643594,1,1,arial-bold,384,0,0,0,1.0,255,255,255,1.0,20,0,0.2286506590003073,0.17265114661024134,1,1,arial-bold,384,0,0,0,1.0,255,255,255,1.0,20,3,-0.060622482267112504,0.07757867859721589,1,1,arial-bold,384,0,0,0,1.0,255,255,255,1.0,20,5,-0.08756617631616795,0.20223395676464134,1,1,arial-bold,384,0,0,0,1.0,255,255,255,1.0,20
C:\Users\Sebastian Vendt\Git\NNFeedbackOperations\digitclutter\digitclutter\4digits\image_156,occlusion,4,512,512,4,0.08149275747491391,-0.07919617475778899,1,1,arial-bold,384,0,0,0,1.0,255,255,255,1.0,20,0,0.23075226949031874,0.24447325239808548,1,1,arial-bold,384,0,0,0,1.0,255,255,255,1.0,20,3,0.27782326307186483,0.18604782557551813,1,1,arial-bold,384,0,0,0,1.0,255,255,255,1.0,20,6,0.09281059584919649,0.25311360592385057,1,1,arial-bold,384,0,0,0,1.0,255,255,255,1.0,20
C:\Users\Sebastian Vendt\Git\NNFeedbackOperations\digitclutter\digitclutter\4digits\image_157,occlusion,4,512,512,9,0.27078904272018806,0.01063823043756705,1,1,arial-bold,384,0,0,0,1.0,255,255,255,1.0,20,0,-0.02927183273951245,0.07493889917870174,1,1,arial-bold,384,0,0,0,1.0,255,255,255,1.0,20,7,-0.0022542441844017325,0.1253350887662653,1,1,arial-bold,384,0,0,0,1.0,255,255,255,1.0,20,1,-0.2896548306775436,-0.08644004497581641,1,1,arial-bold,384,0,0,0,1.0,255,255,255,1.0,20
C:\Users\Sebastian Vendt\Git\NNFeedbackOperations\digitclutter\digitclutter\4digits\image_158,occlusion,4,512,512,7,-0.12125134918831804,0.08446318928855868,1,1,arial-bold,384,0,0,0,1.0,255,255,255,1.0,20,4,0.28700228431124836,0.17096324262070667,1,1,arial-bold,384,0,0,0,1.0,255,255,255,1.0,20,8,0.005188491604678602,-0.0970175840651508,1,1,arial-bold,384,0,0,0,1.0,255,255,255,1.0,20,9,-0.25690765414707883,-0.010903261015954804,1,1,arial-bold,384,0,0,0,1.0,255,255,255,1.0,20
C:\Users\Sebastian Vendt\Git\NNFeedbackOperations\digitclutter\digitclutter\4digits\image_159,occlusion,4,512,512,9,0.23871519242693823,-0.053802725085939127,1,1,arial-bold,384,0,0,0,1.0,255,255,255,1.0,20,6,0.1671420599976599,-0.00807870999344927,1,1,arial-bold,384,0,0,0,1.0,255,255,255,1.0,20,1,-0.0847651551997303,0.07665604372200292,1,1,arial-bold,384,0,0,0,1.0,255,255,255,1.0,20,4,-0.2861279065648478,0.1570417716249995,1,1,arial-bold,384,0,0,0,1.0,255,255,255,1.0,20
C:\Users\Sebastian Vendt\Git\NNFeedbackOperations\digitclutter\digitclutter\4digits\image_160,occlusion,4,512,512,1,0.13374365344414285,-0.09788344552114851,1,1,arial-bold,384,0,0,0,1.0,255,255,255,1.0,20,9,-0.2472024085717587,-0.10228455213755196,1,1,arial-bold,384,0,0,0,1.0,255,255,255,1.0,20,8,0.12298466539811853,0.05259183751513778,1,1,arial-bold,384,0,0,0,1.0,255,255,255,1.0,20,4,0.012971891044523176,0.13841047413309865,1,1,arial-bold,384,0,0,0,1.0,255,255,255,1.0,20
C:\Users\Sebastian Vendt\Git\NNFeedbackOperations\digitclutter\digitclutter\4digits\image_161,occlusion,4,512,512,7,-0.02448384859934022,0.06468800609491894,1,1,arial-bold,384,0,0,0,1.0,255,255,255,1.0,20,8,0.00018504148255260588,-0.07396475896142675,1,1,arial-bold,384,0,0,0,1.0,255,255,255,1.0,20,3,0.02460464135436974,0.11061602499338823,1,1,arial-bold,384,0,0,0,1.0,255,255,255,1.0,20,5,-0.1967062649461573,0.14215982427775753,1,1,arial-bold,384,0,0,0,1.0,255,255,255,1.0,20
C:\Users\Sebastian Vendt\Git\NNFeedbackOperations\digitclutter\digitclutter\4digits\image_162,occlusion,4,512,512,7,0.2845093716337132,-0.08071942468484035,1,1,arial-bold,384,0,0,0,1.0,255,255,255,1.0,20,0,0.18831191163276784,0.0037580658591668537,1,1,arial-bold,384,0,0,0,1.0,255,255,255,1.0,20,8,0.16959873720396862,0.258306019166739,1,1,arial-bold,384,0,0,0,1.0,255,255,255,1.0,20,1,-0.03845711267188978,0.029936445321543645,1,1,arial-bold,384,0,0,0,1.0,255,255,255,1.0,20
C:\Users\Sebastian Vendt\Git\NNFeedbackOperations\digitclutter\digitclutter\4digits\image_163,occlusion,4,512,512,5,-0.2842177979233052,-0.05664509482631945,1,1,arial-bold,384,0,0,0,1.0,255,255,255,1.0,20,8,0.10010206537352911,-0.02339463363013833,1,1,arial-bold,384,0,0,0,1.0,255,255,255,1.0,20,9,0.04908016081822064,0.16741515710309623,1,1,arial-bold,384,0,0,0,1.0,255,255,255,1.0,20,7,0.2863339588160044,0.08369515758904904,1,1,arial-bold,384,0,0,0,1.0,255,255,255,1.0,20
C:\Users\Sebastian Vendt\Git\NNFeedbackOperations\digitclutter\digitclutter\4digits\image_164,occlusion,4,512,512,9,0.28048946844330575,-0.01602619612822398,1,1,arial-bold,384,0,0,0,1.0,255,255,255,1.0,20,5,0.2344059942597348,0.02405522793834526,1,1,arial-bold,384,0,0,0,1.0,255,255,255,1.0,20,6,-0.19118716685480686,0.26334619004851456,1,1,arial-bold,384,0,0,0,1.0,255,255,255,1.0,20,0,0.03785677608736293,0.009685953099057704,1,1,arial-bold,384,0,0,0,1.0,255,255,255,1.0,20
C:\Users\Sebastian Vendt\Git\NNFeedbackOperations\digitclutter\digitclutter\4digits\image_165,occlusion,4,512,512,5,0.12218120435021496,0.03602204805836241,1,1,arial-bold,384,0,0,0,1.0,255,255,255,1.0,20,0,0.10425480637312268,-0.06663675388456587,1,1,arial-bold,384,0,0,0,1.0,255,255,255,1.0,20,2,-0.07431850608299523,-0.07785856060589218,1,1,arial-bold,384,0,0,0,1.0,255,255,255,1.0,20,7,0.2832041299158942,0.18082952757040843,1,1,arial-bold,384,0,0,0,1.0,255,255,255,1.0,20
C:\Users\Sebastian Vendt\Git\NNFeedbackOperations\digitclutter\digitclutter\4digits\image_166,occlusion,4,512,512,5,0.060275914202880865,-0.09646029161860813,1,1,arial-bold,384,0,0,0,1.0,255,255,255,1.0,20,9,-0.23353087481211798,0.18272466883859872,1,1,arial-bold,384,0,0,0,1.0,255,255,255,1.0,20,3,0.12855514349095937,0.021244715581119886,1,1,arial-bold,384,0,0,0,1.0,255,255,255,1.0,20,7,0.18956034247392262,0.11864021491157418,1,1,arial-bold,384,0,0,0,1.0,255,255,255,1.0,20
C:\Users\Sebastian Vendt\Git\NNFeedbackOperations\digitclutter\digitclutter\4digits\image_167,occlusion,4,512,512,0,-0.20352760021303049,0.2449337128228573,1,1,arial-bold,384,0,0,0,1.0,255,255,255,1.0,20,7,-0.009528360563983651,0.09525544894273229,1,1,arial-bold,384,0,0,0,1.0,255,255,255,1.0,20,8,0.06661633091568103,0.08991582121065934,1,1,arial-bold,384,0,0,0,1.0,255,255,255,1.0,20,3,-0.17220993200305607,0.0633167097686697,1,1,arial-bold,384,0,0,0,1.0,255,255,255,1.0,20
C:\Users\Sebastian Vendt\Git\NNFeedbackOperations\digitclutter\digitclutter\4digits\image_168,occlusion,4,512,512,4,-0.08833854354017193,0.12300634563250253,1,1,arial-bold,384,0,0,0,1.0,255,255,255,1.0,20,7,0.020668380723794566,0.051744713776562326,1,1,arial-bold,384,0,0,0,1.0,255,255,255,1.0,20,2,0.07315155352045116,0.20974329865549085,1,1,arial-bold,384,0,0,0,1.0,255,255,255,1.0,20,8,0.16967999968171904,-0.08128030140011215,1,1,arial-bold,384,0,0,0,1.0,255,255,255,1.0,20
C:\Users\Sebastian Vendt\Git\NNFeedbackOperations\digitclutter\digitclutter\4digits\image_169,occlusion,4,512,512,1,-0.19958999120155418,0.06013819476598688,1,1,arial-bold,384,0,0,0,1.0,255,255,255,1.0,20,3,-0.02533972808287649,-0.08610541992412231,1,1,arial-bold,384,0,0,0,1.0,255,255,255,1.0,20,2,-0.15656581922163784,0.0015911050887525147,1,1,arial-bold,384,0,0,0,1.0,255,255,255,1.0,20,6,-0.1090467557398283,0.1838690997972986,1,1,arial-bold,384,0,0,0,1.0,255,255,255,1.0,20
C:\Users\Sebastian Vendt\Git\NNFeedbackOperations\digitclutter\digitclutter\4digits\image_170,occlusion,4,512,512,1,-0.27365740858249826,0.22646562470954423,1,1,arial-bold,384,0,0,0,1.0,255,255,255,1.0,20,4,-0.14324773319622347,0.12408618247122054,1,1,arial-bold,384,0,0,0,1.0,255,255,255,1.0,20,5,0.20670847012342625,0.07019005650093184,1,1,arial-bold,384,0,0,0,1.0,255,255,255,1.0,20,8,-0.13186060208392386,0.12015338226163515,1,1,arial-bold,384,0,0,0,1.0,255,255,255,1.0,20
C:\Users\Sebastian Vendt\Git\NNFeedbackOperations\digitclutter\digitclutter\4digits\image_171,occlusion,4,512,512,0,-0.16047207080713807,-0.01203082962994552,1,1,arial-bold,384,0,0,0,1.0,255,255,255,1.0,20,5,0.02155423899331993,0.15398257741418137,1,1,arial-bold,384,0,0,0,1.0,255,255,255,1.0,20,2,0.2564953890186608,0.06676492712153971,1,1,arial-bold,384,0,0,0,1.0,255,255,255,1.0,20,6,-0.21001106320125562,0.02491690805750192,1,1,arial-bold,384,0,0,0,1.0,255,255,255,1.0,20
C:\Users\Sebastian Vendt\Git\NNFeedbackOperations\digitclutter\digitclutter\4digits\image_172,occlusion,4,512,512,0,0.19197928439944295,0.2175899111420153,1,1,arial-bold,384,0,0,0,1.0,255,255,255,1.0,20,7,0.2288493048213352,-0.10932611499939483,1,1,arial-bold,384,0,0,0,1.0,255,255,255,1.0,20,4,0.19940824202753182,0.2533710823300702,1,1,arial-bold,384,0,0,0,1.0,255,255,255,1.0,20,6,0.11980457300646807,0.11070403735168614,1,1,arial-bold,384,0,0,0,1.0,255,255,255,1.0,20
C:\Users\Sebastian Vendt\Git\NNFeedbackOperations\digitclutter\digitclutter\4digits\image_173,occlusion,4,512,512,1,0.07857290436362974,0.17908559771883553,1,1,arial-bold,384,0,0,0,1.0,255,255,255,1.0,20,3,-0.12357141124606985,-0.018024227390794553,1,1,arial-bold,384,0,0,0,1.0,255,255,255,1.0,20,7,0.26516038777524625,0.0589556661586466,1,1,arial-bold,384,0,0,0,1.0,255,255,255,1.0,20,2,0.2736096125096587,0.13752004911060117,1,1,arial-bold,384,0,0,0,1.0,255,255,255,1.0,20
C:\Users\Sebastian Vendt\Git\NNFeedbackOperations\digitclutter\digitclutter\4digits\image_174,occlusion,4,512,512,1,0.12868229632450828,-0.01821734176051168,1,1,arial-bold,384,0,0,0,1.0,255,255,255,1.0,20,5,0.055328637415249016,-0.1010225218535742,1,1,arial-bold,384,0,0,0,1.0,255,255,255,1.0,20,7,0.11200006183213262,0.05761377475016631,1,1,arial-bold,384,0,0,0,1.0,255,255,255,1.0,20,6,-0.20091669619023267,-0.08814176747022538,1,1,arial-bold,384,0,0,0,1.0,255,255,255,1.0,20
C:\Users\Sebastian Vendt\Git\NNFeedbackOperations\digitclutter\digitclutter\4digits\image_175,occlusion,4,512,512,2,0.007880172591757106,0.18428428474627967,1,1,arial-bold,384,0,0,0,1.0,255,255,255,1.0,20,4,0.07520915942775419,0.06492883088821787,1,1,arial-bold,384,0,0,0,1.0,255,255,255,1.0,20,1,0.17322886490067213,0.18657159440376836,1,1,arial-bold,384,0,0,0,1.0,255,255,255,1.0,20,7,0.2173900250845267,0.09448829809243477,1,1,arial-bold,384,0,0,0,1.0,255,255,255,1.0,20
C:\Users\Sebastian Vendt\Git\NNFeedbackOperations\digitclutter\digitclutter\4digits\image_176,occlusion,4,512,512,4,-0.08856044882912914,0.26127189303468856,1,1,arial-bold,384,0,0,0,1.0,255,255,255,1.0,20,3,0.05478779820531687,0.12099860777091838,1,1,arial-bold,384,0,0,0,1.0,255,255,255,1.0,20,7,0.1027499671742601,0.03809944325499588,1,1,arial-bold,384,0,0,0,1.0,255,255,255,1.0,20,6,-0.07623839565157728,-0.08855955492425567,1,1,arial-bold,384,0,0,0,1.0,255,255,255,1.0,20
C:\Users\Sebastian Vendt\Git\NNFeedbackOperations\digitclutter\digitclutter\4digits\image_177,occlusion,4,512,512,0,-0.2689860462412567,0.02448363478926384,1,1,arial-bold,384,0,0,0,1.0,255,255,255,1.0,20,7,-0.25843572522231384,0.017021903118531315,1,1,arial-bold,384,0,0,0,1.0,255,255,255,1.0,20,2,-0.1437020404130221,0.20758044003884402,1,1,arial-bold,384,0,0,0,1.0,255,255,255,1.0,20,3,-0.0985730394978197,0.20473181392805645,1,1,arial-bold,384,0,0,0,1.0,255,255,255,1.0,20
C:\Users\Sebastian Vendt\Git\NNFeedbackOperations\digitclutter\digitclutter\4digits\image_178,occlusion,4,512,512,3,-0.2439814298092808,-0.0782860548137242,1,1,arial-bold,384,0,0,0,1.0,255,255,255,1.0,20,0,-0.17610997746169074,-0.0661857841478768,1,1,arial-bold,384,0,0,0,1.0,255,255,255,1.0,20,5,0.1423856187226254,0.13706509205345663,1,1,arial-bold,384,0,0,0,1.0,255,255,255,1.0,20,1,0.020129990626738203,0.2332854423278597,1,1,arial-bold,384,0,0,0,1.0,255,255,255,1.0,20
C:\Users\Sebastian Vendt\Git\NNFeedbackOperations\digitclutter\digitclutter\4digits\image_179,occlusion,4,512,512,2,0.24457224539464978,0.08162458071835473,1,1,arial-bold,384,0,0,0,1.0,255,255,255,1.0,20,4,0.20923171027664156,0.06806076729140516,1,1,arial-bold,384,0,0,0,1.0,255,255,255,1.0,20,8,-0.10972909979425213,0.09410456848240868,1,1,arial-bold,384,0,0,0,1.0,255,255,255,1.0,20,3,0.14509258783646956,-0.07504704112391027,1,1,arial-bold,384,0,0,0,1.0,255,255,255,1.0,20
C:\Users\Sebastian Vendt\Git\NNFeedbackOperations\digitclutter\digitclutter\4digits\image_180,occlusion,4,512,512,4,0.1635082063033999,0.04537621780477895,1,1,arial-bold,384,0,0,0,1.0,255,255,255,1.0,20,9,0.037060551182389045,0.2552383479326042,1,1,arial-bold,384,0,0,0,1.0,255,255,255,1.0,20,5,0.16131965781725222,0.09586603489311514,1,1,arial-bold,384,0,0,0,1.0,255,255,255,1.0,20,2,0.21047189180990838,-0.0864375669156097,1,1,arial-bold,384,0,0,0,1.0,255,255,255,1.0,20
C:\Users\Sebastian Vendt\Git\NNFeedbackOperations\digitclutter\digitclutter\4digits\image_181,occlusion,4,512,512,6,-0.1398029700326451,0.08048787858109295,1,1,arial-bold,384,0,0,0,1.0,255,255,255,1.0,20,5,0.1390635873538178,-0.02253471090619752,1,1,arial-bold,384,0,0,0,1.0,255,255,255,1.0,20,9,0.20169463067340287,0.24675895151774901,1,1,arial-bold,384,0,0,0,1.0,255,255,255,1.0,20,8,-0.2656180559089266,0.14335192990233842,1,1,arial-bold,384,0,0,0,1.0,255,255,255,1.0,20
C:\Users\Sebastian Vendt\Git\NNFeedbackOperations\digitclutter\digitclutter\4digits\image_182,occlusion,4,512,512,2,-0.05626300148111274,-0.08431476779246298,1,1,arial-bold,384,0,0,0,1.0,255,255,255,1.0,20,5,0.048538682005324574,0.20523159482730502,1,1,arial-bold,384,0,0,0,1.0,255,255,255,1.0,20,6,0.07058277391735635,0.18892145489030732,1,1,arial-bold,384,0,0,0,1.0,255,255,255,1.0,20,3,-0.1679792553949873,-0.03423402681985409,1,1,arial-bold,384,0,0,0,1.0,255,255,255,1.0,20
C:\Users\Sebastian Vendt\Git\NNFeedbackOperations\digitclutter\digitclutter\4digits\image_183,occlusion,4,512,512,0,-0.15079994951282225,-0.03339451211003125,1,1,arial-bold,384,0,0,0,1.0,255,255,255,1.0,20,8,-0.13531626284675569,0.051447605478525824,1,1,arial-bold,384,0,0,0,1.0,255,255,255,1.0,20,2,0.004614401707120963,0.26209437105410754,1,1,arial-bold,384,0,0,0,1.0,255,255,255,1.0,20,7,-0.15090336853439332,0.24505534765449444,1,1,arial-bold,384,0,0,0,1.0,255,255,255,1.0,20
C:\Users\Sebastian Vendt\Git\NNFeedbackOperations\digitclutter\digitclutter\4digits\image_184,occlusion,4,512,512,1,0.04422243967910555,0.09405895031212093,1,1,arial-bold,384,0,0,0,1.0,255,255,255,1.0,20,4,-0.2149537288027127,-0.013498095957131556,1,1,arial-bold,384,0,0,0,1.0,255,255,255,1.0,20,9,0.08986867243278274,-0.017228953193921245,1,1,arial-bold,384,0,0,0,1.0,255,255,255,1.0,20,2,0.1088486264507964,0.2157974589661012,1,1,arial-bold,384,0,0,0,1.0,255,255,255,1.0,20
C:\Users\Sebastian Vendt\Git\NNFeedbackOperations\digitclutter\digitclutter\4digits\image_185,occlusion,4,512,512,3,0.2293094453910392,0.17057636349845806,1,1,arial-bold,384,0,0,0,1.0,255,255,255,1.0,20,9,-0.037066403584359586,0.24927245417811333,1,1,arial-bold,384,0,0,0,1.0,255,255,255,1.0,20,2,-0.17519743197912213,-0.04331651591867977,1,1,arial-bold,384,0,0,0,1.0,255,255,255,1.0,20,1,-0.207204387476577,0.11476391422199951,1,1,arial-bold,384,0,0,0,1.0,255,255,255,1.0,20
C:\Users\Sebastian Vendt\Git\NNFeedbackOperations\digitclutter\digitclutter\4digits\image_186,occlusion,4,512,512,1,0.0625208696924035,0.17253474354154935,1,1,arial-bold,384,0,0,0,1.0,255,255,255,1.0,20,3,0.025877156141485225,0.10333274623445447,1,1,arial-bold,384,0,0,0,1.0,255,255,255,1.0,20,7,-0.19777670527141117,0.191146803778669,1,1,arial-bold,384,0,0,0,1.0,255,255,255,1.0,20,8,-0.09430815423590783,-0.0677884209564611,1,1,arial-bold,384,0,0,0,1.0,255,255,255,1.0,20
C:\Users\Sebastian Vendt\Git\NNFeedbackOperations\digitclutter\digitclutter\4digits\image_187,occlusion,4,512,512,8,-0.1475962728242414,0.10632744042697,1,1,arial-bold,384,0,0,0,1.0,255,255,255,1.0,20,2,-0.2758111432630784,-0.06520823778147743,1,1,arial-bold,384,0,0,0,1.0,255,255,255,1.0,20,9,-0.22438897033900143,0.17600214384562823,1,1,arial-bold,384,0,0,0,1.0,255,255,255,1.0,20,4,-0.10365497579772179,-0.012395333070377199,1,1,arial-bold,384,0,0,0,1.0,255,255,255,1.0,20
C:\Users\Sebastian Vendt\Git\NNFeedbackOperations\digitclutter\digitclutter\4digits\image_188,occlusion,4,512,512,0,-0.10990742208017937,0.2424961275304109,1,1,arial-bold,384,0,0,0,1.0,255,255,255,1.0,20,3,-0.21242044570997237,0.11273435909384812,1,1,arial-bold,384,0,0,0,1.0,255,255,255,1.0,20,4,0.0014900318277613622,0.24172724712164012,1,1,arial-bold,384,0,0,0,1.0,255,255,255,1.0,20,1,0.1526201626475615,0.015964532864189043,1,1,arial-bold,384,0,0,0,1.0,255,255,255,1.0,20
C:\Users\Sebastian Vendt\Git\NNFeedbackOperations\digitclutter\digitclutter\4digits\image_189,occlusion,4,512,512,2,-0.2527744705089724,0.035058905096598494,1,1,arial-bold,384,0,0,0,1.0,255,255,255,1.0,20,6,-0.06491208452087405,-0.0680883368558562,1,1,arial-bold,384,0,0,0,1.0,255,255,255,1.0,20,8,-0.10228060740998374,0.17557002647143993,1,1,arial-bold,384,0,0,0,1.0,255,255,255,1.0,20,0,0.26497050335790046,0.21060849575041146,1,1,arial-bold,384,0,0,0,1.0,255,255,255,1.0,20
C:\Users\Sebastian Vendt\Git\NNFeedbackOperations\digitclutter\digitclutter\4digits\image_190,occlusion,4,512,512,9,0.18518663086099907,0.15873432216604633,1,1,arial-bold,384,0,0,0,1.0,255,255,255,1.0,20,0,-0.2217365551583202,0.15285174653584754,1,1,arial-bold,384,0,0,0,1.0,255,255,255,1.0,20,5,-0.01836133619422703,-0.017541694054353768,1,1,arial-bold,384,0,0,0,1.0,255,255,255,1.0,20,8,-0.012362197343467551,-0.011508114942436712,1,1,arial-bold,384,0,0,0,1.0,255,255,255,1.0,20
C:\Users\Sebastian Vendt\Git\NNFeedbackOperations\digitclutter\digitclutter\4digits\image_191,occlusion,4,512,512,3,-0.21480281692446726,0.1809283685911382,1,1,arial-bold,384,0,0,0,1.0,255,255,255,1.0,20,6,-0.2091005307459526,-0.10034957228238685,1,1,arial-bold,384,0,0,0,1.0,255,255,255,1.0,20,7,-0.1946809242370578,0.18700732039011053,1,1,arial-bold,384,0,0,0,1.0,255,255,255,1.0,20,8,0.007285657404774992,-0.06200671656095723,1,1,arial-bold,384,0,0,0,1.0,255,255,255,1.0,20
C:\Users\Sebastian Vendt\Git\NNFeedbackOperations\digitclutter\digitclutter\4digits\image_192,occlusion,4,512,512,3,0.25616709600813464,0.23824301401064935,1,1,arial-bold,384,0,0,0,1.0,255,255,255,1.0,20,6,0.2747387687564838,0.19527787751092995,1,1,arial-bold,384,0,0,0,1.0,255,255,255,1.0,20,2,-0.017592187044650986,0.21390915435672125,1,1,arial-bold,384,0,0,0,1.0,255,255,255,1.0,20,9,-0.13549097603074312,-0.06442322548617486,1,1,arial-bold,384,0,0,0,1.0,255,255,255,1.0,20
C:\Users\Sebastian Vendt\Git\NNFeedbackOperations\digitclutter\digitclutter\4digits\image_193,occlusion,4,512,512,9,0.23947345459520902,0.08874811428207437,1,1,arial-bold,384,0,0,0,1.0,255,255,255,1.0,20,7,0.14269997755476194,0.1571487549946286,1,1,arial-bold,384,0,0,0,1.0,255,255,255,1.0,20,8,0.1519419289392117,0.06814000367188645,1,1,arial-bold,384,0,0,0,1.0,255,255,255,1.0,20,2,-0.2328443771808304,0.05985534444931993,1,1,arial-bold,384,0,0,0,1.0,255,255,255,1.0,20
C:\Users\Sebastian Vendt\Git\NNFeedbackOperations\digitclutter\digitclutter\4digits\image_194,occlusion,4,512,512,7,-0.13195749134481966,-0.08447693664178059,1,1,arial-bold,384,0,0,0,1.0,255,255,255,1.0,20,4,-0.1612099338946535,0.08531554372058885,1,1,arial-bold,384,0,0,0,1.0,255,255,255,1.0,20,2,0.21942671879923897,-0.09967068300208205,1,1,arial-bold,384,0,0,0,1.0,255,255,255,1.0,20,6,0.17044989030275254,0.051507690981027934,1,1,arial-bold,384,0,0,0,1.0,255,255,255,1.0,20
C:\Users\Sebastian Vendt\Git\NNFeedbackOperations\digitclutter\digitclutter\4digits\image_195,occlusion,4,512,512,3,0.030579185390526675,0.10659190328470465,1,1,arial-bold,384,0,0,0,1.0,255,255,255,1.0,20,5,0.05972732398362135,0.17851989846459643,1,1,arial-bold,384,0,0,0,1.0,255,255,255,1.0,20,1,-0.05832086400717801,0.24756341767717244,1,1,arial-bold,384,0,0,0,1.0,255,255,255,1.0,20,7,0.20229472724949177,0.13895606399760646,1,1,arial-bold,384,0,0,0,1.0,255,255,255,1.0,20
C:\Users\Sebastian Vendt\Git\NNFeedbackOperations\digitclutter\digitclutter\4digits\image_196,occlusion,4,512,512,3,-0.04320829576561219,0.26350966377654417,1,1,arial-bold,384,0,0,0,1.0,255,255,255,1.0,20,8,0.08246667574829347,-0.02421363010585792,1,1,arial-bold,384,0,0,0,1.0,255,255,255,1.0,20,6,-0.0839400787251304,0.1740051051736245,1,1,arial-bold,384,0,0,0,1.0,255,255,255,1.0,20,7,-0.08097318098758147,-0.05694094178606436,1,1,arial-bold,384,0,0,0,1.0,255,255,255,1.0,20
C:\Users\Sebastian Vendt\Git\NNFeedbackOperations\digitclutter\digitclutter\4digits\image_197,occlusion,4,512,512,6,-0.005761567268847689,-0.007061967270485928,1,1,arial-bold,384,0,0,0,1.0,255,255,255,1.0,20,4,0.26595392581236504,-0.10131648835522934,1,1,arial-bold,384,0,0,0,1.0,255,255,255,1.0,20,8,-0.03531751338623518,-0.06920498194994455,1,1,arial-bold,384,0,0,0,1.0,255,255,255,1.0,20,3,-0.02029695093752948,-0.0380001726948546,1,1,arial-bold,384,0,0,0,1.0,255,255,255,1.0,20
C:\Users\Sebastian Vendt\Git\NNFeedbackOperations\digitclutter\digitclutter\4digits\image_198,occlusion,4,512,512,2,-0.16813737672567908,-0.02085539743735304,1,1,arial-bold,384,0,0,0,1.0,255,255,255,1.0,20,4,-0.11877106881664748,0.08003436368667909,1,1,arial-bold,384,0,0,0,1.0,255,255,255,1.0,20,8,-0.21226262793830133,0.14677225317143305,1,1,arial-bold,384,0,0,0,1.0,255,255,255,1.0,20,6,0.2242564071331315,0.25241178393525515,1,1,arial-bold,384,0,0,0,1.0,255,255,255,1.0,20
C:\Users\Sebastian Vendt\Git\NNFeedbackOperations\digitclutter\digitclutter\4digits\image_199,occlusion,4,512,512,3,0.2245013546014351,0.19680503756520673,1,1,arial-bold,384,0,0,0,1.0,255,255,255,1.0,20,1,0.26153128185509583,0.2157519632615708,1,1,arial-bold,384,0,0,0,1.0,255,255,255,1.0,20,4,-0.14128569148935974,0.13859354700329485,1,1,arial-bold,384,0,0,0,1.0,255,255,255,1.0,20,9,0.2535013504285804,0.1090921472114282,1,1,arial-bold,384,0,0,0,1.0,255,255,255,1.0,20
